t,marker,goal_pos.shoulder_pan,goal_pos.shoulder_lift,goal_pos.elbow_flex,goal_pos.wrist_flex,goal_pos.wrist_roll,goal_pos.gripper,pos.shoulder_pan,pos.shoulder_lift,pos.elbow_flex,pos.wrist_flex,pos.wrist_roll,pos.gripper,vel.shoulder_pan,vel.shoulder_lift,vel.elbow_flex,vel.wrist_flex,vel.wrist_roll,vel.gripper,load.shoulder_pan,load.shoulder_lift,load.elbow_flex,load.wrist_flex,load.wrist_roll,load.gripper,volt.shoulder_pan,volt.shoulder_lift,volt.elbow_flex,volt.wrist_flex,volt.wrist_roll,volt.gripper,temp.shoulder_pan,temp.shoulder_lift,temp.elbow_flex,temp.wrist_flex,temp.wrist_roll,temp.gripper,curr.shoulder_pan,curr.shoulder_lift,curr.elbow_flex,curr.wrist_flex,curr.wrist_roll,curr.gripper
0.0,,-3.1648351648351647,-80.61538461538461,92.3956043956044,68.08791208791209,6.197802197802198,2.637528259231349,2214,873,3638,2693,2119,1485,0,0,0,0,0,0,0,0,0,0,0,0,122,124,123,125,122,124,40,42,42,43,41,44,0,0,0,0,0,0
0.0334,,-3.1648351648351647,-80.61538461538461,92.3956043956044,68.08791208791209,6.197802197802198,2.637528259231349,2214,873,3638,2693,2119,1485,0,0,0,0,0,0,-23,52,-27,30,0,-99,122,124,123,125,122,124,40,42,42,43,41,44,0,4,1,0,0,12
0.0668,,-3.1648351648351647,-80.61538461538461,92.3956043956044,68.08791208791209,6.197802197802198,2.637528259231349,2214,873,3638,2693,2119,1485,0,0,0,0,0,0,-23,37,-27,30,0,-72,122,124,122,125,122,124,40,42,43,43,41,44,0,2,0,0,0,13
0.1003,,-3.1648351648351647,-80.61538461538461,92.3956043956044,68.08791208791209,6.197802197802198,2.637528259231349,2214,873,3638,2693,2119,1485,0,0,0,0,0,0,-23,37,-27,30,0,-72,122,124,123,125,122,124,40,42,42,43,41,44,0,2,0,0,0,10
0.1338,,-3.1648351648351647,-80.61538461538461,92.3956043956044,68.08791208791209,6.197802197802198,2.637528259231349,2214,873,3638,2693,2119,1485,0,0,0,0,0,0,-23,37,-27,30,0,-72,122,124,122,125,121,124,40,42,42,43,41,44,0,2,1,0,0,10
0.1673,,-3.1648351648351647,-80.61538461538461,92.3956043956044,68.08791208791209,6.197802197802198,2.637528259231349,2214,873,3638,2693,2119,1485,0,0,0,0,0,0,-23,37,-27,30,0,-72,122,124,122,125,121,124,40,42,43,43,41,43,0,2,0,0,0,10
0.2008,,-3.1648351648351647,-80.61538461538461,92.3956043956044,68.08791208791209,6.285714285714286,2.637528259231349,2214,873,3638,2693,2119,1485,0,0,0,0,0,0,-23,37,-27,30,0,-72,122,124,122,125,122,124,40,42,42,43,41,44,0,2,0,0,0,10
0.2343,,-3.1648351648351647,-80.61538461538461,92.3956043956044,68.08791208791209,6.285714285714286,2.637528259231349,2214,873,3638,2693,2119,1485,0,0,0,0,0,0,-23,37,-27,30,0,-72,122,124,122,125,122,124,40,42,42,43,41,43,0,3,0,0,0,9
0.2678,,-3.1648351648351647,-80.61538461538461,92.3956043956044,68.08791208791209,6.285714285714286,2.637528259231349,2214,873,3638,2693,2119,1485,0,0,0,0,0,0,-23,37,-27,30,0,-72,122,124,122,125,122,124,40,42,42,43,41,44,0,2,0,0,0,10
0.3012,,-3.1648351648351647,-80.61538461538461,92.3956043956044,68.08791208791209,6.285714285714286,2.637528259231349,2214,873,3638,2693,2119,1485,0,0,0,0,0,0,-23,37,-27,30,0,-72,122,124,122,125,121,124,40,42,42,43,41,43,0,2,0,0,0,10
0.3346,,-3.1648351648351647,-80.61538461538461,92.3956043956044,68.08791208791209,6.285714285714286,2.637528259231349,2214,873,3638,2693,2119,1485,0,0,0,0,0,0,-23,37,-27,30,0,-72,122,124,123,125,122,124,40,42,43,43,41,44,0,3,0,0,0,10
0.3681,,-3.1648351648351647,-80.61538461538461,92.3956043956044,68.08791208791209,6.285714285714286,2.637528259231349,2214,873,3638,2693,2119,1485,0,0,0,0,0,0,-23,37,-27,30,0,-72,122,124,122,125,122,124,40,42,42,43,41,44,0,2,0,0,0,10
0.4016,,-3.1648351648351647,-80.61538461538461,92.3956043956044,68.08791208791209,6.285714285714286,2.637528259231349,2214,873,3638,2693,2119,1485,0,0,0,0,0,0,-23,37,-27,30,0,-72,122,124,122,125,122,124,40,42,42,43,41,44,0,2,0,0,0,10
0.4352,,-3.1648351648351647,-80.61538461538461,92.3956043956044,68.08791208791209,6.285714285714286,2.637528259231349,2214,873,3638,2693,2119,1485,0,0,0,0,0,0,-23,37,-27,30,0,-72,122,124,122,125,122,124,40,42,42,43,41,44,0,2,0,0,0,10
0.4688,,-3.1648351648351647,-80.61538461538461,92.3956043956044,68.08791208791209,6.285714285714286,2.637528259231349,2214,873,3638,2693,2119,1485,0,0,0,0,0,0,-23,37,-27,30,0,-72,122,124,122,125,122,124,40,42,42,43,41,44,0,2,0,0,0,9
0.5023,,-3.1648351648351647,-80.61538461538461,92.3956043956044,68.08791208791209,6.285714285714286,2.637528259231349,2214,873,3638,2693,2119,1485,0,0,0,0,0,0,-23,37,-27,30,0,-72,122,124,122,125,122,124,40,42,42,43,41,43,0,2,0,0,0,10
0.5358,,-3.2527472527472527,-80.61538461538461,92.3956043956044,68.08791208791209,6.285714285714286,2.637528259231349,2214,873,3638,2693,2119,1485,0,0,0,0,0,0,-23,37,-27,30,0,-72,122,124,122,125,122,124,40,42,42,43,41,44,0,2,0,0,0,10
0.5693,,-3.2527472527472527,-80.61538461538461,92.3956043956044,68.08791208791209,6.373626373626373,2.637528259231349,2214,873,3638,2693,2119,1485,0,0,0,0,0,0,-27,37,-27,30,0,-72,122,124,122,125,122,124,40,42,42,43,41,43,1,2,0,0,0,10
0.6028,,-3.2527472527472527,-80.61538461538461,92.3956043956044,68.08791208791209,6.373626373626373,2.637528259231349,2214,873,3638,2693,2119,1485,0,0,0,0,0,0,-27,37,-27,30,0,-72,122,124,122,125,122,124,40,42,42,43,41,44,0,2,0,0,0,10
0.6362,,-3.2527472527472527,-80.61538461538461,92.3956043956044,68.08791208791209,6.373626373626373,2.637528259231349,2214,873,3638,2693,2119,1485,0,0,0,0,0,0,-27,37,-27,30,0,-72,122,124,122,125,122,124,40,42,42,43,41,43,0,2,0,0,0,10
0.6697,,-3.2527472527472527,-80.61538461538461,92.3956043956044,68.08791208791209,6.373626373626373,2.637528259231349,2214,873,3638,2693,2119,1485,0,0,0,0,0,0,-27,37,-27,30,0,-72,122,124,123,125,122,124,40,42,42,43,41,44,0,3,0,0,0,10
0.7031,,-3.2527472527472527,-80.61538461538461,92.3956043956044,68.08791208791209,6.373626373626373,2.637528259231349,2214,873,3638,2693,2119,1485,0,0,0,0,0,0,-27,37,-27,30,0,-72,122,124,122,125,122,124,40,42,43,43,41,43,0,2,0,0,0,10
0.7365,,-3.1648351648351647,-80.61538461538461,92.3956043956044,68.08791208791209,6.285714285714286,2.637528259231349,2214,873,3638,2693,2119,1485,0,0,0,0,0,0,-27,37,-27,30,0,-72,122,124,122,125,122,124,40,42,42,43,41,44,0,2,0,0,0,10
0.7699,,-3.1648351648351647,-80.61538461538461,92.3956043956044,68.08791208791209,6.285714285714286,2.637528259231349,2214,873,3638,2693,2119,1485,0,0,0,0,0,0,-23,37,-27,30,0,-72,122,124,122,125,122,124,40,42,42,43,41,44,0,2,1,0,0,10
0.8034,,-3.1648351648351647,-80.61538461538461,92.3956043956044,68.08791208791209,6.285714285714286,2.637528259231349,2214,873,3638,2693,2119,1485,0,0,0,0,0,0,-23,37,-27,30,0,-72,122,124,122,125,122,124,40,42,42,43,41,44,0,2,0,0,0,10
0.8369,,-3.1648351648351647,-80.61538461538461,92.3956043956044,68.08791208791209,6.285714285714286,2.637528259231349,2214,873,3638,2693,2119,1485,0,0,0,0,0,0,-23,37,-27,30,0,-72,122,124,122,125,122,124,40,42,42,43,41,44,0,2,0,0,0,9
0.8703,,-3.1648351648351647,-80.61538461538461,92.3956043956044,68.08791208791209,6.285714285714286,2.637528259231349,2214,873,3638,2693,2119,1485,0,0,0,0,0,0,-23,37,-27,30,0,-72,122,124,122,125,121,124,40,42,42,43,41,43,0,3,0,0,0,10
0.9037,,-3.1648351648351647,-80.61538461538461,92.3956043956044,68.08791208791209,6.197802197802198,2.637528259231349,2214,873,3638,2693,2119,1485,0,0,0,0,0,0,-23,37,-27,30,0,-72,122,124,122,125,121,124,40,42,42,43,41,44,0,3,0,0,0,9
0.9373,,-3.1648351648351647,-80.61538461538461,92.3956043956044,68.08791208791209,6.197802197802198,2.637528259231349,2214,873,3638,2693,2119,1485,0,0,0,0,0,0,-23,37,-27,30,0,-72,122,124,122,125,121,124,40,42,42,43,41,44,0,2,0,0,0,11
0.9709,,-3.1648351648351647,-80.61538461538461,92.3956043956044,68.08791208791209,6.197802197802198,2.637528259231349,2214,873,3638,2693,2119,1485,0,0,0,0,0,0,-23,37,-27,30,0,-72,122,124,122,125,121,124,40,42,42,43,41,44,0,2,0,0,0,10
1.0043,,-3.1648351648351647,-80.61538461538461,92.3956043956044,68.08791208791209,6.1098901098901095,2.7882441597588548,2214,873,3638,2693,2119,1485,0,0,0,0,0,0,-23,37,-27,30,0,-72,122,124,122,125,121,124,40,42,42,43,41,44,0,3,0,0,0,9
1.0377,,-2.989010989010989,-80.61538461538461,92.3956043956044,68.08791208791209,6.1098901098901095,2.8636021100226077,2214,873,3638,2693,2119,1485,0,0,0,0,0,0,-23,37,-27,30,-23,-59,122,124,122,125,122,124,40,42,43,43,41,44,0,2,0,0,0,5
1.0711,,-2.7252747252747254,-80.61538461538461,92.3956043956044,68.08791208791209,6.1098901098901095,2.93896006028636,2214,873,3638,2693,2119,1485,0,0,0,0,0,0,0,37,-27,30,-23,-58,122,124,122,125,121,124,40,42,42,43,41,44,0,2,0,0,0,4
1.1045,,-2.7252747252747254,-80.61538461538461,92.3956043956044,68.08791208791209,6.285714285714286,3.2403918613413714,2214,873,3638,2693,2119,1485,0,0,0,0,0,0,27,37,-27,30,-23,-55,122,124,122,125,122,124,40,42,42,43,41,43,1,2,0,0,0,4
1.1379,,-2.7252747252747254,-80.61538461538461,92.3956043956044,68.08791208791209,6.549450549450549,3.391107761868877,2214,873,3638,2693,2119,1485,0,0,0,0,0,0,27,37,-27,30,0,-37,122,124,122,125,122,124,40,42,42,43,41,44,0,2,0,0,0,0
1.1713,,-2.6373626373626373,-80.61538461538461,92.3076923076923,68.0,6.637362637362638,3.391107761868877,2214,873,3638,2693,2119,1485,0,0,0,0,0,0,27,37,-27,30,27,-30,122,124,122,125,122,124,40,42,42,43,41,44,0,2,0,0,1,0
1.2046,,-2.6373626373626373,-80.61538461538461,92.21978021978022,68.0,6.725274725274725,3.541823662396383,2214,873,3638,2693,2119,1485,0,0,0,0,0,0,30,37,-30,27,30,-30,122,124,123,125,122,124,40,42,42,43,41,44,1,2,0,0,1,0
1.238,,-2.6373626373626373,-80.61538461538461,92.21978021978022,68.0,6.813186813186813,4.069329314242653,2214,873,3638,2693,2119,1485,0,0,0,0,0,0,30,37,-34,27,34,-23,122,124,123,125,122,124,40,42,42,43,41,44,1,3,1,0,1,0
1.2714,,-2.6373626373626373,-80.61538461538461,92.21978021978022,68.0,6.813186813186813,5.87792012057272,2214,873,3638,2693,2119,1485,0,0,0,0,0,0,30,37,-34,27,37,52,122,124,123,125,122,124,40,42,42,43,41,44,0,2,2,0,3,2
1.3048,,-2.6373626373626373,-80.61538461538461,92.21978021978022,68.0,6.813186813186813,8.741522230595328,2214,873,3638,2693,2119,1487,0,0,0,0,0,0,30,37,-34,27,37,56,122,124,122,125,122,124,40,42,42,43,41,43,1,3,2,0,3,16
1.3382,,-2.6373626373626373,-80.61538461538461,92.21978021978022,68.08791208791209,6.813186813186813,13.03692539562924,2214,873,3638,2693,2119,1492,0,0,0,0,0,100,30,37,-34,27,37,269,122,124,122,125,121,124,40,42,42,43,41,44,0,2,1,0,2,49
1.3716,,-2.6373626373626373,-80.61538461538461,92.21978021978022,68.08791208791209,6.813186813186813,18.161266013564433,2214,873,3638,2693,2119,1515,0,0,0,0,0,550,30,37,-34,30,37,306,122,124,122,125,121,124,40,42,42,43,41,44,0,3,2,0,3,57
1.405,,-2.5494505494505493,-80.61538461538461,92.21978021978022,68.17582417582418,6.813186813186813,23.43632253202713,2214,873,3638,2693,2119,1546,0,0,0,0,0,900,30,37,-34,30,37,500,122,124,122,125,121,124,40,42,42,43,41,44,0,2,1,0,2,84
1.4383,,-2.5494505494505493,-80.61538461538461,92.21978021978022,68.17582417582418,6.813186813186813,28.937452901281084,2214,873,3638,2693,2119,1587,0,0,0,0,0,950,34,37,-34,34,37,500,122,124,122,125,121,123,40,42,43,43,41,44,1,2,0,0,3,87
1.4717,,-2.5494505494505493,-80.61538461538461,92.21978021978022,68.17582417582418,6.813186813186813,33.76036171816126,2214,873,3638,2693,2119,1632,0,0,0,0,0,1350,34,37,-34,34,37,500,122,124,122,125,121,123,40,42,42,43,41,43,1,2,1,0,3,84
1.5051,,-2.5494505494505493,-80.61538461538461,92.21978021978022,68.26373626373626,6.813186813186813,37.452901281085154,2214,873,3638,2693,2119,1681,0,0,0,0,0,1400,34,37,-34,34,37,500,122,124,122,125,121,123,40,42,42,43,41,44,2,3,1,0,2,78
1.5385,,-2.5494505494505493,-80.61538461538461,92.13186813186813,68.26373626373626,6.813186813186813,40.241145440844015,2214,873,3638,2693,2119,1732,0,0,0,0,0,1500,34,37,-34,37,37,500,122,124,122,125,121,123,40,42,42,43,41,44,0,2,1,0,3,67
1.5719,,-2.5494505494505493,-80.61538461538461,91.95604395604396,68.26373626373626,6.989010989010989,41.597588545591556,2214,873,3638,2693,2119,1778,0,0,0,0,0,1400,34,37,-37,37,37,500,122,124,122,125,121,123,40,42,43,43,41,44,2,1,2,0,2,66
1.6053,,-2.5494505494505493,-80.61538461538461,91.6043956043956,68.26373626373626,8.131868131868131,41.823662396382815,2214,873,3638,2693,2119,1828,0,0,0,0,0,1500,34,37,-44,37,44,500,122,124,122,125,121,123,40,42,42,43,41,44,2,2,3,0,4,55
1.6387,,-2.5494505494505493,-80.52747252747253,90.9010989010989,68.35164835164835,10.065934065934066,41.823662396382815,2214,873,3638,2693,2119,1877,0,0,0,0,0,1450,34,37,-58,37,115,500,122,124,122,125,121,123,40,42,42,43,41,44,1,2,7,0,13,62
1.6721,,-2.5494505494505493,-80.0,89.93406593406593,68.43956043956044,12.175824175824175,41.823662396382815,2214,873,3638,2693,2124,1923,0,0,0,0,0,1450,34,41,-100,41,180,500,122,124,122,125,121,123,40,42,42,43,41,44,1,3,20,1,16,46
1.7054,,-2.5494505494505493,-79.91208791208791,88.96703296703296,68.52747252747253,13.406593406593407,41.823662396382815,2214,873,3638,2693,2137,1967,0,0,0,0,350,1300,34,62,-140,44,130,343,122,124,122,125,121,124,40,42,42,43,41,44,2,10,38,2,36,8
1.7388,,-2.6373626373626373,-79.82417582417582,88.0,68.52747252747253,13.934065934065934,41.748304446119064,2214,873,3634,2693,2154,2000,0,0,-100,0,500,1200,34,65,-179,48,137,213,122,124,122,125,121,124,40,42,42,43,41,44,1,10,50,3,26,4
1.7722,,-2.989010989010989,-79.73626373626374,87.12087912087912,68.52747252747253,14.285714285714286,41.748304446119064,2214,873,3629,2694,2170,2022,0,0,-150,0,550,750,30,69,-197,44,156,121,122,124,122,125,121,124,40,42,42,43,41,43,0,10,57,3,3,0
1.8056,,-3.340659340659341,-79.20879120879121,86.41758241758242,68.52747252747253,14.901098901098901,41.748304446119064,2214,874,3624,2695,2183,2035,0,0,-150,0,400,450,0,69,-203,44,30,167,122,124,122,125,121,124,40,42,42,43,41,44,0,9,67,2,4,1
1.839,,-3.5164835164835164,-77.89010989010988,85.45054945054945,68.52747252747253,15.780219780219781,41.748304446119064,2214,876,3618,2698,2193,2046,0,0,-150,50,300,300,-30,89,-201,-87,110,125,122,124,122,125,121,124,40,42,43,43,41,44,1,8,71,0,11,4
1.8724,,-3.5164835164835164,-75.78021978021978,84.13186813186813,68.52747252747253,16.65934065934066,41.748304446119064,2214,881,3612,2700,2204,2053,0,150,-150,50,350,250,-37,143,-229,23,109,-23,122,124,122,125,121,124,40,42,42,43,41,44,3,19,85,0,13,2
1.9058,,-3.5164835164835164,-73.31868131868131,82.72527472527473,68.52747252747253,17.0989010989011,41.748304446119064,2214,892,3604,2701,2214,2057,0,250,-200,50,300,100,-37,118,-186,0,128,79,122,124,122,125,121,123,40,42,42,43,41,44,1,11,99,0,6,1
1.9392,,-3.5164835164835164,-70.68131868131869,81.14285714285714,68.52747252747253,17.53846153846154,41.748304446119064,2214,906,3596,2701,2223,2060,0,400,-250,0,300,100,-37,251,-210,0,86,65,122,124,122,125,121,123,40,42,42,43,41,44,2,24,111,0,2,4
1.9727,,-3.5164835164835164,-68.3956043956044,79.47252747252747,68.52747252747253,17.626373626373628,41.748304446119064,2213,926,3585,2701,2230,2062,-50,550,-250,0,250,100,-34,198,-234,0,79,62,122,124,122,125,121,123,40,42,42,43,41,44,1,20,123,0,5,2
2.0061,,-3.5164835164835164,-65.93406593406593,77.62637362637362,68.52747252747253,18.153846153846153,41.748304446119064,2213,949,3572,2701,2235,2063,0,700,-350,0,200,50,-34,208,-340,0,62,55,122,124,122,124,121,123,40,42,43,43,41,44,1,30,132,0,1,2
2.0395,,-3.5164835164835164,-63.472527472527474,75.86813186813187,68.52747252747253,18.857142857142858,41.748304446119064,2213,973,3559,2701,2240,2064,0,750,-450,0,150,50,-34,240,-296,0,89,51,121,124,122,124,121,123,40,42,42,43,41,44,1,20,166,0,1,3
2.0729,,-3.5164835164835164,-61.0989010989011,73.75824175824175,68.52747252747253,19.560439560439562,41.748304446119064,2213,1001,3542,2701,2245,2065,0,850,-500,0,150,50,-34,235,-307,0,98,48,121,124,122,124,121,123,40,42,42,43,41,44,1,21,134,0,10,2
2.1062,,-3.5164835164835164,-58.46153846153846,71.56043956043956,68.52747252747253,20.087912087912088,41.748304446119064,2213,1030,3523,2701,2252,2065,0,850,-500,0,200,0,-34,227,-409,0,94,48,121,124,122,124,121,123,40,42,42,43,41,44,1,11,128,0,9,2
2.1396,,-3.5164835164835164,-55.64835164835165,69.53846153846153,68.52747252747253,20.439560439560438,41.748304446119064,2213,1057,3504,2701,2258,2065,0,800,-600,0,200,0,-34,231,-423,0,82,48,121,124,122,124,121,123,40,42,42,43,41,43,1,19,122,0,3,2
2.1731,,-3.5164835164835164,-52.83516483516483,67.42857142857143,68.52747252747253,20.791208791208792,41.748304446119064,2213,1082,3483,2701,2264,2065,0,750,-650,0,200,0,-34,245,-423,0,72,48,121,124,122,124,121,123,40,42,42,43,41,44,1,18,158,0,7,2
2.2065,,-3.5164835164835164,-50.37362637362637,65.49450549450549,68.52747252747253,20.967032967032967,41.748304446119064,2213,1110,3460,2701,2270,2065,0,800,-650,0,150,0,-34,365,-365,0,78,48,121,124,122,124,121,123,40,42,42,43,41,44,2,26,116,0,8,1
2.2399,,-3.5164835164835164,-48.0,63.64835164835165,68.52747252747253,21.318681318681318,41.748304446119064,2213,1140,3439,2701,2274,2065,0,900,-650,0,100,0,-34,274,-359,0,62,48,121,124,122,124,121,123,40,42,42,43,41,44,1,13,120,0,4,2
2.2733,,-3.5164835164835164,-45.714285714285715,61.8021978021978,68.52747252747253,21.67032967032967,41.748304446119064,2213,1167,3415,2701,2278,2065,0,850,-700,0,150,0,-34,263,-345,0,58,48,121,124,122,124,121,123,40,42,42,43,41,44,2,8,138,0,3,2
2.3067,,-3.5164835164835164,-43.604395604395606,60.043956043956044,68.52747252747253,22.021978021978022,41.748304446119064,2213,1196,3393,2701,2282,2065,0,850,-650,0,150,0,-34,247,-334,0,58,48,122,124,122,125,121,123,40,42,43,43,41,44,1,7,159,0,2,3
2.3401,,-3.6043956043956045,-41.31868131868132,58.46153846153846,68.52747252747253,22.46153846153846,41.748304446119064,2213,1226,3371,2701,2286,2065,0,850,-650,0,100,0,-34,222,-405,0,69,48,122,124,122,124,121,123,40,42,42,43,41,44,2,20,126,0,3,3
2.3735,,-3.6043956043956045,-39.032967032967036,57.142857142857146,68.52747252747253,23.252747252747252,41.748304446119064,2213,1251,3350,2701,2291,2065,0,800,-600,0,100,0,-37,244,-331,0,74,48,122,124,122,124,121,123,40,42,42,43,41,43,2,5,118,0,6,2
2.4069,,-3.78021978021978,-36.83516483516483,55.91208791208791,68.52747252747253,24.13186813186813,41.748304446119064,2213,1279,3328,2701,2296,2065,0,800,-650,0,150,0,-37,235,-300,0,-22,48,122,124,122,125,121,123,40,42,42,43,41,44,2,5,116,0,4,3
2.4402,,-4.483516483516484,-34.72527472527472,54.94505494505494,68.52747252747253,25.36263736263736,41.748304446119064,2213,1307,3309,2701,2302,2065,0,800,-550,0,150,0,-44,218,-273,0,103,48,121,124,122,125,121,123,40,42,42,43,41,44,4,5,118,0,4,2
2.4736,,-5.274725274725275,-32.967032967032964,54.24175824175824,68.52747252747253,26.417582417582416,41.748304446119064,2210,1335,3293,2701,2309,2065,-100,800,-500,0,200,0,-68,286,-321,0,133,48,122,124,122,125,121,123,40,42,42,43,41,44,6,3,83,0,15,2
2.5071,,-6.065934065934066,-31.560439560439562,53.62637362637363,68.52747252747253,27.208791208791208,41.748304446119064,2204,1360,3278,2701,2320,2065,-150,850,-450,0,300,0,-101,201,-236,0,63,48,122,124,122,125,121,123,40,42,42,43,41,44,8,2,103,0,12,2
2.5405,,-7.208791208791209,-30.593406593406595,52.83516483516483,68.52747252747253,27.384615384615383,41.748304446119064,2198,1386,3266,2701,2330,2065,-200,800,-400,0,300,0,-105,246,-207,0,51,48,122,124,122,125,121,123,40,42,42,43,41,44,6,0,88,0,8,3
2.5739,,-8.087912087912088,-29.53846153846154,51.78021978021978,68.52747252747253,27.47252747252747,41.748304446119064,2190,1410,3255,2701,2340,2065,-250,750,-350,0,300,0,-127,184,-288,0,-30,48,122,124,122,125,121,123,40,42,42,43,41,44,11,0,76,0,1,2
2.6073,,-8.967032967032967,-28.395604395604394,50.54945054945055,68.52747252747253,27.47252747252747,41.748304446119064,2181,1429,3245,2701,2345,2065,-250,650,-300,0,200,0,-112,153,-291,0,69,48,122,124,122,125,121,124,40,42,42,43,41,43,6,0,74,0,4,3
2.6406,,-9.67032967032967,-27.164835164835164,49.142857142857146,68.52747252747253,27.47252747252747,41.748304446119064,2171,1447,3233,2701,2349,2065,-300,600,-350,0,150,0,-140,123,-293,0,55,48,122,124,122,125,121,123,40,42,42,43,41,44,10,0,98,0,4,2
2.674,,-10.021978021978022,-25.494505494505493,47.56043956043956,68.52747252747253,27.47252747252747,41.748304446119064,2160,1464,3221,2701,2352,2065,-300,450,-350,0,50,0,-115,145,-243,0,48,48,122,124,122,125,121,123,40,42,42,43,41,43,6,0,112,0,2,2
2.7074,,-10.285714285714286,-23.47252747252747,46.065934065934066,68.52747252747253,27.47252747252747,41.748304446119064,2151,1479,3207,2701,2354,2065,-300,500,-400,0,100,0,-79,152,-342,0,37,48,122,124,122,125,121,123,40,42,42,43,41,44,2,0,125,0,2,1
2.7409,,-10.637362637362637,-21.274725274725274,44.21978021978022,68.52747252747253,27.47252747252747,41.748304446119064,2144,1495,3192,2701,2356,2065,-200,500,-450,0,50,0,-65,85,-343,0,30,48,122,124,122,125,121,123,40,42,43,43,41,43,1,0,120,0,0,2
2.7743,,-10.725274725274724,-18.9010989010989,42.37362637362637,68.52747252747253,27.47252747252747,41.748304446119064,2139,1513,3175,2701,2357,2065,-200,500,-500,0,0,0,-58,194,-359,0,27,48,122,124,122,125,121,123,40,42,42,43,41,44,4,0,94,0,0,2
2.8076,,-10.813186813186814,-16.615384615384617,40.79120879120879,68.43956043956044,27.47252747252747,41.748304446119064,2135,1534,3159,2701,2357,2065,-150,600,-500,0,50,0,-51,212,-303,0,27,48,122,124,122,125,121,123,40,42,42,43,41,44,3,0,140,0,0,3
2.841,,-10.813186813186814,-14.417582417582418,39.032967032967036,68.43956043956044,27.47252747252747,41.748304446119064,2131,1556,3139,2701,2357,2065,-100,650,-550,0,0,0,-41,160,-296,0,27,48,122,124,122,125,121,123,40,42,42,43,41,44,1,1,92,0,0,2
2.8744,,-10.813186813186814,-12.395604395604396,37.362637362637365,68.43956043956044,27.560439560439562,41.748304446119064,2128,1581,3120,2701,2357,2065,-100,700,-600,0,0,0,-30,243,-292,0,27,48,122,124,122,125,121,123,40,42,42,43,41,44,0,0,127,0,0,2
2.9078,,-10.813186813186814,-10.373626373626374,35.956043956043956,68.26373626373626,27.560439560439562,41.748304446119064,2126,1607,3102,2701,2357,2065,-50,750,-550,0,0,0,0,141,-287,0,30,48,122,124,122,125,121,123,40,42,42,43,41,44,0,0,88,0,1,3
2.9412,,-10.725274725274724,-8.351648351648352,34.46153846153846,68.26373626373626,27.560439560439562,41.748304446119064,2126,1632,3083,2701,2357,2065,0,750,-550,0,0,0,0,123,-353,-23,30,48,122,124,122,125,121,123,40,42,42,43,41,44,0,0,117,0,0,2
2.9746,,-10.725274725274724,-6.593406593406593,33.142857142857146,68.26373626373626,27.560439560439562,41.748304446119064,2126,1659,3064,2701,2357,2065,0,800,-550,0,0,0,0,136,-374,-23,30,48,122,124,122,125,121,123,40,42,42,43,41,44,0,0,98,0,0,3
3.008,,-10.725274725274724,-4.835164835164835,31.912087912087912,68.17582417582418,27.560439560439562,41.748304446119064,2126,1685,3046,2701,2358,2065,0,750,-500,0,50,0,0,110,-269,-23,27,48,122,124,122,125,121,123,40,42,42,43,41,43,0,0,109,0,1,3
3.0414,,-10.725274725274724,-3.1648351648351647,30.681318681318682,68.08791208791209,27.736263736263737,41.748304446119064,2126,1709,3030,2701,2358,2065,0,750,-500,0,0,0,0,85,-252,-27,27,48,122,124,122,125,121,124,40,42,42,43,41,44,0,0,125,0,0,2
3.0748,,-10.725274725274724,-1.6703296703296704,29.45054945054945,68.08791208791209,28.0,41.748304446119064,2126,1733,3014,2701,2358,2065,0,700,-500,0,0,0,0,147,-323,-30,34,48,122,124,122,125,121,124,40,42,42,43,41,44,0,0,83,0,2,2
3.1082,,-10.725274725274724,-0.17582417582417584,28.395604395604394,68.08791208791209,28.0,41.748304446119064,2126,1755,2999,2701,2358,2065,0,700,-450,0,0,0,0,29,-314,-30,45,48,122,124,122,125,121,124,40,42,42,43,41,44,0,0,105,0,5,2
3.1415,,-10.725274725274724,1.1428571428571428,27.428571428571427,68.08791208791209,28.0,41.748304446119064,2126,1776,2985,2701,2360,2065,0,650,-450,0,100,0,0,43,-239,-30,37,48,122,124,122,125,121,123,40,42,42,43,41,44,0,0,107,0,3,3
3.1749,,-10.725274725274724,2.2857142857142856,26.54945054945055,68.08791208791209,28.0,41.748304446119064,2126,1796,2971,2701,2362,2065,0,650,-400,0,0,0,0,-17,-221,-30,30,48,122,124,122,125,121,123,40,42,43,43,41,44,0,0,106,0,1,3
3.2083,,-10.725274725274724,3.2527472527472527,25.934065934065934,68.08791208791209,28.0,41.748304446119064,2126,1811,2959,2701,2362,2065,0,500,-400,0,0,0,0,86,-207,-30,30,48,122,124,122,125,121,123,40,42,42,43,41,44,0,0,100,0,1,3
3.2417,,-10.725274725274724,3.956043956043956,25.494505494505493,68.08791208791209,28.0,41.748304446119064,2126,1823,2947,2701,2362,2065,0,400,-350,0,0,0,0,67,-171,-30,30,48,122,124,122,125,121,124,40,42,42,43,41,44,0,0,85,0,0,3
3.2751,,-10.725274725274724,4.571428571428571,25.318681318681318,68.08791208791209,28.0,41.748304446119064,2126,1833,2937,2701,2362,2065,0,350,-300,0,0,0,0,75,-261,-30,30,48,122,124,122,125,121,124,40,42,42,43,41,44,0,0,79,0,1,2
3.3085,,-10.725274725274724,4.923076923076923,25.23076923076923,68.0,28.0,41.748304446119064,2126,1844,2929,2701,2363,2065,0,300,-250,0,0,0,0,58,-224,-30,27,48,122,124,122,125,121,124,40,42,42,43,41,44,0,0,40,0,0,2
3.3419,,-10.725274725274724,5.274725274725275,25.23076923076923,68.0,28.087912087912088,41.748304446119064,2126,1853,2923,2701,2363,2065,0,250,-200,0,0,0,0,0,-203,-34,27,48,122,124,122,125,121,124,40,42,42,43,41,44,0,0,36,0,0,3
3.3753,,-10.725274725274724,5.362637362637362,25.23076923076923,68.0,28.087912087912088,41.672946495855314,2126,1861,2919,2701,2363,2065,0,250,-100,0,0,0,0,-30,-185,-34,30,48,122,124,122,125,121,124,40,42,43,43,41,44,0,19,61,0,1,3
3.4087,,-10.725274725274724,5.450549450549451,25.23076923076923,68.0,28.087912087912088,41.672946495855314,2126,1864,2918,2701,2363,2065,0,150,-100,0,0,0,0,-125,-181,-34,30,44,122,124,122,125,121,124,40,42,42,43,41,44,0,7,61,0,1,1
3.4421,,-10.725274725274724,5.802197802197802,25.23076923076923,68.0,28.087912087912088,41.597588545591556,2126,1864,2917,2701,2363,2065,0,50,-50,0,0,0,0,-37,-178,-34,30,44,122,124,122,125,121,124,40,42,42,43,41,44,0,3,68,0,1,2
3.4755,,-10.725274725274724,5.802197802197802,25.23076923076923,68.0,28.087912087912088,41.597588545591556,2126,1865,2917,2701,2363,2065,0,0,0,0,0,0,0,-22,-178,-34,30,41,122,124,122,125,121,124,40,42,43,43,41,44,0,12,72,0,1,0
3.5089,,-10.725274725274724,5.8901098901098905,25.23076923076923,68.0,28.087912087912088,41.522230595327805,2126,1866,2917,2701,2363,2065,0,50,0,0,0,0,0,-30,-178,-34,30,41,122,124,122,125,121,124,40,42,42,43,41,44,0,2,73,0,1,1
3.5423,,-10.725274725274724,5.8901098901098905,25.23076923076923,68.0,28.087912087912088,40.994724943481536,2126,1866,2917,2701,2363,2065,0,0,0,0,0,0,0,-27,-178,-34,30,37,122,124,122,125,121,124,40,42,42,43,41,44,0,0,73,0,1,0
3.5757,,-10.725274725274724,5.8901098901098905,25.23076923076923,67.91208791208791,28.087912087912088,39.56292388847024,2126,1866,2917,2701,2363,2065,0,0,0,0,0,0,0,-27,-178,-34,30,-112,122,124,122,125,121,124,40,42,42,43,41,44,0,0,73,0,1,0
3.6091,,-10.725274725274724,5.8901098901098905,25.23076923076923,67.91208791208791,28.087912087912088,37.452901281085154,2126,1866,2917,2701,2363,2063,0,0,0,0,0,0,0,-27,-178,-37,30,-124,122,124,122,125,121,124,40,42,42,43,41,44,0,0,73,0,1,12
3.6425,,-10.725274725274724,5.8901098901098905,25.23076923076923,67.91208791208791,28.087912087912088,34.58929917106255,2125,1866,2917,2701,2363,2059,-50,0,0,0,0,-50,0,-27,-178,-37,30,-221,122,124,122,125,121,124,40,42,42,43,41,44,0,0,73,0,1,37
3.6758,,-10.725274725274724,6.065934065934066,25.23076923076923,67.91208791208791,28.087912087912088,31.499623210248686,2125,1866,2917,2701,2363,2042,0,0,0,0,0,-550,0,-27,-178,-37,30,-222,122,124,122,125,121,123,40,42,43,43,41,43,0,0,73,0,1,37
3.7092,,-10.725274725274724,6.153846153846154,25.23076923076923,67.91208791208791,28.087912087912088,28.25923134890731,2125,1867,2917,2701,2363,2018,0,0,0,0,0,-650,0,-23,-178,-37,30,-300,122,124,122,125,121,123,40,42,42,43,41,44,0,4,73,0,0,65
3.7426,,-10.725274725274724,6.241758241758242,25.23076923076923,67.91208791208791,28.087912087912088,24.039186134137154,2125,1868,2916,2701,2363,1988,0,50,0,0,0,-900,0,-23,-174,-37,30,-368,122,124,122,125,121,123,40,42,42,43,41,44,0,1,71,0,1,56
3.776,,-10.725274725274724,6.241758241758242,25.23076923076923,67.91208791208791,28.087912087912088,18.538055764883197,2125,1870,2916,2701,2363,1952,0,50,0,0,0,-950,0,-27,-174,-37,30,-443,122,124,122,124,121,123,40,42,42,43,41,43,0,0,70,0,1,77
3.8094,,-10.725274725274724,6.241758241758242,25.23076923076923,67.91208791208791,28.087912087912088,11.680482290881688,2126,1870,2916,2701,2363,1912,0,0,0,0,0,-1150,0,-27,-174,-37,30,-445,122,124,122,124,121,123,40,42,42,43,41,44,0,0,70,1,0,93
3.8428,,-10.813186813186814,6.241758241758242,25.23076923076923,67.91208791208791,28.087912087912088,4.822908816880181,2126,1870,2916,2701,2363,1865,0,0,0,0,0,-1350,0,-27,-174,-37,30,-500,122,124,122,124,121,123,40,42,42,43,41,44,0,0,71,0,0,72
3.8763,,-11.164835164835164,6.329670329670329,25.23076923076923,67.91208791208791,28.087912087912088,1.1303692539562924,2126,1870,2916,2701,2363,1816,0,0,0,0,0,-1450,0,-27,-174,-37,30,-500,122,124,122,125,121,123,40,42,42,43,41,44,0,0,70,1,1,70
3.9097,,-11.252747252747254,6.769230769230769,25.23076923076923,68.0,28.0,2.562170308967596,2125,1870,2916,2699,2363,1769,-50,0,0,-50,0,-1450,-34,-23,-174,-30,30,-500,122,124,122,125,121,123,40,42,42,43,41,44,3,0,70,0,1,63
3.9431,,-11.516483516483516,7.472527472527473,25.23076923076923,68.0,27.824175824175825,3.089675960813866,2123,1872,2916,2698,2363,1720,-50,0,0,-50,0,-1450,-30,28,-174,-23,27,-500,122,124,122,125,121,123,40,42,42,43,41,43,0,0,70,0,0,58
3.9765,,-11.604395604395604,8.175824175824175,25.23076923076923,68.0,27.64835164835165,2.562170308967596,2121,1880,2915,2697,2361,1673,-50,200,-50,0,-50,-1450,-30,41,-171,-23,23,-500,122,124,122,125,121,123,40,42,42,43,41,44,0,1,68,0,0,56
4.0099,,-11.692307692307692,8.791208791208792,25.23076923076923,68.0,27.560439560439562,2.562170308967596,2119,1887,2911,2697,2362,1651,-100,250,0,-50,-100,-850,-27,33,-157,0,0,-500,121,124,122,124,121,123,40,42,42,43,41,44,3,0,53,0,0,198
4.0433,,-12.219780219780219,9.31868131868132,25.23076923076923,68.0,27.560439560439562,2.562170308967596,2118,1892,2906,2699,2362,1647,-50,200,-100,50,0,-150,-27,-63,-146,-27,0,-500,121,123,121,124,120,122,40,42,42,43,41,44,0,0,37,0,0,435
4.0767,,-12.659340659340659,9.494505494505495,25.23076923076923,68.0,27.47252747252747,2.562170308967596,2116,1897,2902,2700,2363,1647,0,150,-150,100,50,0,64,50,-129,-30,-23,-500,121,123,120,123,119,121,40,42,42,43,41,44,2,1,36,0,0,473
4.1101,,-12.835164835164836,9.846153846153847,25.23076923076923,68.0,27.47252747252747,2.4868123587038435,2115,1901,2899,2700,2363,1647,-50,100,-100,0,0,0,-56,30,-118,-30,-27,-500,120,122,120,123,119,121,40,42,42,43,41,43,2,3,29,0,1,476
4.1435,,-13.274725274725276,9.846153846153847,25.23076923076923,68.0,27.47252747252747,2.4868123587038435,2112,1904,2897,2700,2363,1647,-100,50,-100,0,0,0,-51,30,-108,-30,-27,-500,120,122,120,122,119,121,40,42,43,43,41,44,1,0,23,0,0,478
4.1769,,-13.538461538461538,9.846153846153847,25.23076923076923,68.0,27.47252747252747,2.4868123587038435,2109,1907,2894,2700,2363,1647,-50,100,-100,0,0,0,-58,0,-97,-30,-27,-500,120,122,120,122,119,121,40,42,42,43,41,44,5,0,18,0,0,477
4.2103,,-13.538461538461538,9.846153846153847,25.23076923076923,68.0,27.47252747252747,2.4868123587038435,2106,1908,2893,2700,2363,1647,-100,50,-50,0,0,0,-58,0,-93,-30,-27,-500,120,122,120,122,119,121,40,42,42,43,41,44,4,0,17,0,0,477
4.2437,,-13.538461538461538,9.846153846153847,25.23076923076923,68.0,27.47252747252747,2.4868123587038435,2103,1909,2891,2700,2363,1647,-100,50,-50,0,0,0,-51,0,-86,-30,-27,-500,120,122,120,122,119,121,40,42,42,43,41,44,3,0,15,0,1,477
4.277,,-13.538461538461538,9.846153846153847,25.23076923076923,68.0,27.47252747252747,2.4868123587038435,2101,1909,2890,2700,2363,1647,-50,0,0,0,0,0,-44,0,34,-30,-27,-500,120,122,120,122,119,121,40,42,42,43,41,44,5,0,11,0,1,477
4.3105,,-13.362637362637363,9.846153846153847,25.23076923076923,68.0,27.384615384615383,2.4868123587038435,2100,1909,2890,2700,2363,1647,-50,0,-50,0,0,0,-37,0,-83,-30,-27,-500,120,122,120,122,119,121,40,42,42,43,41,43,1,0,16,0,0,477
4.3439,,-13.274725274725276,9.846153846153847,25.23076923076923,68.0,27.384615384615383,2.4868123587038435,2100,1909,2890,2700,2363,1647,0,0,0,0,0,0,-30,0,-83,-30,-30,-500,120,122,120,122,119,121,40,42,43,43,41,44,0,0,16,0,1,476
4.3773,,-13.186813186813186,9.846153846153847,25.23076923076923,68.08791208791209,27.384615384615383,2.4868123587038435,2100,1909,2890,2700,2363,1647,0,0,0,0,0,0,-27,0,-83,-30,-30,-500,120,122,120,122,119,121,40,42,42,43,41,43,0,0,17,0,1,476
4.4107,clean,-13.098901098901099,9.846153846153847,25.23076923076923,68.08791208791209,27.384615384615383,2.4868123587038435,2100,1909,2890,2700,2363,1647,0,0,0,0,0,0,-23,0,-83,-27,-30,-500,120,122,120,122,119,121,40,42,42,43,41,44,0,0,16,0,2,476
4.4441,,-13.010989010989011,9.846153846153847,25.23076923076923,68.08791208791209,27.384615384615383,2.4868123587038435,2100,1909,2890,2700,2363,1647,0,0,0,0,0,0,0,0,-83,-27,-30,-500,120,122,120,122,119,121,40,42,42,43,41,44,0,0,17,0,2,487
4.4775,,-13.010989010989011,9.846153846153847,25.23076923076923,68.08791208791209,27.384615384615383,2.4868123587038435,2100,1909,2890,2700,2363,1647,0,0,0,0,0,0,0,0,-83,-27,-30,-500,120,122,120,122,119,121,40,42,42,43,41,44,0,0,16,0,1,477
4.5109,,-13.186813186813186,9.846153846153847,25.23076923076923,68.08791208791209,27.384615384615383,2.4868123587038435,2100,1909,2890,2700,2363,1647,0,0,0,0,0,0,0,0,-83,-27,-30,-500,120,122,120,122,119,121,40,42,42,43,41,44,0,0,17,0,1,475
4.5442,,-13.362637362637363,9.758241758241759,25.23076923076923,68.08791208791209,27.384615384615383,2.4868123587038435,2100,1909,2890,2700,2363,1647,0,0,0,0,0,0,-23,0,-83,-27,-30,-500,120,122,120,122,119,121,40,42,43,43,41,44,0,0,17,0,2,474
4.5777,,-13.362637362637363,9.582417582417582,25.23076923076923,68.08791208791209,27.384615384615383,2.4868123587038435,2100,1909,2890,2700,2363,1647,0,0,0,0,0,0,-30,-23,-83,-27,-30,-500,120,122,120,122,119,121,40,42,42,43,41,44,0,0,17,0,2,474
4.6112,,-13.45054945054945,9.31868131868132,25.23076923076923,68.08791208791209,27.384615384615383,2.4868123587038435,2100,1909,2890,2700,2363,1647,0,0,0,0,0,0,-30,-30,-83,-27,-30,-500,120,122,120,122,119,121,40,42,42,43,41,44,0,0,17,0,2,473
4.6448,,-13.362637362637363,9.142857142857142,25.23076923076923,68.08791208791209,27.384615384615383,2.4868123587038435,2100,1909,2890,2700,2363,1647,0,0,0,0,0,0,-34,-41,-83,-27,-30,-500,120,122,120,122,119,121,40,42,43,43,41,44,1,3,17,0,1,472
4.6782,,-13.274725274725276,8.87912087912088,25.23076923076923,68.08791208791209,27.384615384615383,2.4868123587038435,2100,1909,2890,2700,2363,1647,0,0,0,0,0,0,-30,-48,-83,-27,-30,-500,120,122,120,122,119,121,40,42,42,43,41,44,0,5,17,0,1,473
4.7115,,-13.186813186813186,8.791208791208792,25.23076923076923,68.08791208791209,27.296703296703296,2.4868123587038435,2100,1909,2890,2700,2363,1647,0,0,0,0,0,0,-27,-58,-83,-27,-30,-500,120,122,120,122,119,121,40,42,42,43,41,44,0,7,16,0,1,473
4.745,,-13.010989010989011,8.791208791208792,25.23076923076923,68.17582417582418,27.296703296703296,2.4868123587038435,2100,1909,2890,2700,2363,1647,0,0,0,0,0,0,-23,-62,-83,-27,-34,-500,120,122,120,122,119,121,40,42,42,43,41,43,0,8,16,0,2,472
4.7784,,-12.835164835164836,8.791208791208792,25.318681318681318,68.17582417582418,27.296703296703296,2.4868123587038435,2100,1909,2890,2700,2363,1647,0,0,0,0,0,0,0,-62,-83,-23,-34,-500,120,122,120,122,119,121,40,42,42,43,41,44,0,8,17,0,2,472
4.8118,,-12.747252747252746,8.791208791208792,25.318681318681318,68.17582417582418,27.208791208791208,2.4868123587038435,2100,1909,2890,2700,2363,1647,0,0,0,0,0,0,23,-62,-79,-23,-34,-500,120,122,120,122,119,121,40,42,43,43,41,44,0,8,15,0,3,472
4.8452,,-12.747252747252746,8.791208791208792,25.318681318681318,68.17582417582418,27.208791208791208,2.4868123587038435,2100,1909,2890,2700,2363,1647,0,0,0,0,0,0,27,-62,-79,-23,-37,-500,120,122,120,122,119,121,40,42,43,43,41,44,0,8,15,0,3,472
4.8785,,-12.747252747252746,8.703296703296703,25.318681318681318,68.17582417582418,27.208791208791208,2.4868123587038435,2100,1909,2890,2700,2363,1647,0,0,0,0,0,0,27,-62,-79,-23,-37,-500,120,122,120,122,119,121,40,42,42,43,41,44,0,9,15,0,3,471
4.9119,,-12.747252747252746,8.703296703296703,25.318681318681318,68.26373626373626,27.208791208791208,2.562170308967596,2100,1909,2890,2700,2363,1647,0,0,0,0,0,0,27,-65,-79,-23,-37,-500,120,122,120,122,119,121,40,42,43,43,41,43,0,9,15,0,3,470
4.9453,,-12.835164835164836,8.703296703296703,25.318681318681318,68.26373626373626,27.208791208791208,2.562170308967596,2100,1909,2890,2700,2363,1647,0,0,0,0,0,0,27,-65,-79,0,-37,-500,120,122,120,122,119,121,40,42,42,43,41,44,0,9,15,0,3,470
4.9787,,-12.835164835164836,8.703296703296703,25.318681318681318,68.26373626373626,27.208791208791208,2.562170308967596,2100,1909,2890,2700,2363,1647,0,0,0,0,0,0,23,-65,-79,0,-37,-500,120,122,120,122,119,121,40,42,42,43,41,44,0,9,16,0,3,471
5.0121,,-12.923076923076923,8.703296703296703,25.318681318681318,68.26373626373626,27.208791208791208,2.7128862094951014,2100,1909,2890,2700,2363,1647,0,0,0,0,0,0,23,-65,-79,0,-37,-500,120,122,120,122,119,121,40,42,42,43,41,44,0,9,16,0,3,470
5.0457,,-13.010989010989011,8.703296703296703,25.318681318681318,68.26373626373626,27.208791208791208,3.4664657121326297,2100,1909,2890,2700,2363,1647,0,0,0,0,0,0,0,-65,-79,0,-37,-500,120,122,120,122,119,121,40,42,42,43,41,44,0,9,15,0,3,469
5.079,,-13.010989010989011,8.703296703296703,25.318681318681318,68.26373626373626,27.208791208791208,4.822908816880181,2100,1909,2890,2700,2363,1647,0,0,0,0,0,0,0,-65,-79,0,-37,-500,120,122,120,122,119,121,40,42,42,43,41,44,0,9,15,0,3,470
5.1124,,-13.010989010989011,8.703296703296703,25.318681318681318,68.26373626373626,27.208791208791208,7.309721175584024,2100,1909,2890,2700,2363,1647,0,0,0,0,0,0,0,-65,-79,0,-37,-496,120,122,120,122,119,121,40,42,42,43,41,44,0,9,15,0,3,466
5.1458,,-13.010989010989011,8.703296703296703,25.318681318681318,68.35164835164835,27.208791208791208,10.92690278824416,2100,1909,2890,2700,2363,1647,0,0,0,0,0,0,0,-65,-79,0,-37,-369,120,122,120,123,119,121,40,42,42,43,41,44,0,10,15,0,3,339
5.1792,,-13.010989010989011,8.703296703296703,25.318681318681318,68.43956043956044,27.208791208791208,15.071590052750567,2100,1909,2890,2700,2363,1647,0,0,0,0,0,0,0,-65,-79,0,-37,-192,121,123,121,123,120,122,40,42,42,43,41,44,0,10,16,0,3,212
5.2126,,-13.010989010989011,8.703296703296703,25.318681318681318,68.43956043956044,27.208791208791208,20.04521477015825,2100,1909,2890,2700,2363,1651,0,0,0,0,0,0,0,-65,-79,0,-37,-30,121,123,121,124,120,123,40,42,42,43,41,44,0,10,15,0,2,71
5.246,,-12.923076923076923,8.615384615384615,25.318681318681318,68.43956043956044,27.12087912087912,25.018839487565934,2100,1909,2890,2700,2363,1664,0,0,0,0,0,350,0,-65,-79,0,-37,111,122,124,122,125,121,123,40,42,42,43,41,43,0,9,15,0,2,11
5.2795,,-12.923076923076923,8.175824175824175,25.406593406593405,68.43956043956044,27.12087912087912,29.540316503391107,2100,1909,2890,2700,2362,1680,0,0,0,0,-50,500,0,-69,-79,0,-37,392,122,124,122,125,121,123,40,42,42,43,41,44,0,10,16,0,4,42
5.313,,-12.923076923076923,7.56043956043956,25.494505494505493,68.43956043956044,27.12087912087912,33.00678221552374,2098,1911,2890,2698,2360,1711,-50,50,0,0,0,500,23,-103,-76,27,-34,461,122,124,122,125,121,123,40,42,42,43,41,43,0,21,14,0,3,55
5.3464,,-12.923076923076923,6.857142857142857,25.494505494505493,68.43956043956044,27.032967032967033,35.87038432554635,2097,1912,2891,2697,2361,1753,-50,50,50,0,-50,1150,30,-136,-76,30,-34,449,122,124,122,125,121,123,40,42,42,43,41,44,1,41,13,0,2,74
5.3798,,-12.923076923076923,5.802197802197802,25.494505494505493,68.43956043956044,27.032967032967033,37.52825923134891,2097,1912,2891,2697,2361,1798,0,0,0,0,-50,1400,30,-163,-76,30,-37,487,122,124,122,125,121,123,40,42,43,43,41,44,1,58,13,0,2,70
5.4133,,-12.923076923076923,4.571428571428571,25.494505494505493,68.43956043956044,26.945054945054945,38.28183873398643,2097,1912,2891,2697,2361,1846,0,0,0,0,0,1450,30,-212,-76,30,-37,500,122,124,122,124,121,123,40,42,42,43,41,44,0,89,13,0,3,57
5.4467,,-12.923076923076923,3.076923076923077,25.67032967032967,68.52747252747253,26.857142857142858,38.28183873398643,2097,1910,2891,2697,2361,1893,0,0,0,0,0,1400,30,-264,-76,30,-41,433,121,124,122,124,121,123,40,42,42,43,41,44,0,118,12,0,4,23
5.4801,,-12.923076923076923,1.2307692307692308,25.75824175824176,68.52747252747253,26.24175824175824,38.28183873398643,2097,1903,2891,2697,2361,1930,0,-200,0,0,0,1200,30,-303,-69,34,-44,255,122,124,122,125,121,123,40,42,42,43,41,44,1,127,10,0,4,7
5.5137,,-12.747252747252746,-0.7912087912087912,25.934065934065934,68.52747252747253,25.0989010989011,38.28183873398643,2096,1893,2891,2697,2361,1957,0,-200,0,0,0,900,34,-257,-65,34,-80,185,122,124,122,125,121,123,40,42,42,43,41,44,1,154,10,0,10,1
5.547,,-12.659340659340659,-2.7252747252747254,26.10989010989011,68.52747252747253,24.043956043956044,38.28183873398643,2096,1880,2892,2697,2356,1976,-50,-350,0,0,-50,600,41,-289,-62,34,-123,104,121,124,122,125,121,123,40,42,43,43,41,44,2,118,8,0,11,2
5.5804,,-12.659340659340659,-4.65934065934066,26.285714285714285,68.52747252747253,23.34065934065934,38.28183873398643,2096,1863,2892,2697,2348,1989,0,-450,0,0,-250,450,44,-390,-55,34,-121,51,121,124,122,124,121,123,40,42,42,43,41,44,4,136,6,1,16,5
5.6138,,-12.571428571428571,-6.5054945054945055,26.54945054945055,68.52747252747253,22.9010989010989,38.28183873398643,2096,1845,2892,2698,2339,1997,0,-550,0,0,-300,300,44,-338,-48,30,-134,104,121,124,122,124,121,123,40,42,42,43,41,44,3,159,4,0,9,5
5.6472,,-12.571428571428571,-8.527472527472527,27.34065934065934,68.52747252747253,22.54945054945055,38.28183873398643,2096,1825,2892,2699,2331,2002,0,-600,0,50,-250,200,48,-423,-37,27,-104,83,121,124,122,125,121,123,40,42,42,43,41,44,4,126,2,0,9,2
5.6806,,-12.571428571428571,-10.725274725274724,28.307692307692307,68.43956043956044,22.373626373626372,38.28183873398643,2096,1804,2893,2700,2324,2006,0,-650,0,50,-200,100,48,-338,0,23,-86,72,121,124,122,125,121,123,40,42,42,43,41,44,4,132,5,0,6,6
5.714,,-12.571428571428571,-13.186813186813186,29.626373626373628,68.35164835164835,22.021978021978022,38.28183873398643,2096,1780,2899,2700,2319,2008,0,-650,150,0,-150,50,48,-427,-62,0,-76,-55,121,124,122,125,121,123,40,42,42,43,41,43,4,106,2,0,2,2
5.7476,,-12.483516483516484,-15.56043956043956,30.857142857142858,68.26373626373626,21.67032967032967,38.28183873398643,2096,1756,2908,2700,2314,2010,0,-750,250,0,-150,50,48,-434,99,0,-87,58,122,124,122,125,121,123,40,42,42,43,41,44,4,148,0,0,10,2
5.781,,-12.043956043956044,-18.10989010989011,32.175824175824175,68.26373626373626,21.318681318681318,38.28183873398643,2096,1733,2919,2700,2309,2011,0,-700,300,0,-100,50,51,-376,108,0,-77,51,122,124,122,125,121,123,40,42,42,43,41,44,4,136,1,0,6,3
5.8144,,-10.901098901098901,-20.571428571428573,33.75824175824176,68.26373626373626,20.967032967032967,38.35719668425019,2096,1706,2933,2700,2305,2011,0,-750,350,0,-150,0,70,-381,111,0,-72,51,122,124,122,125,121,123,40,42,42,43,41,44,10,127,0,0,4,4
5.8478,,-9.758241758241759,-23.296703296703296,35.34065934065934,68.26373626373626,20.439560439560438,38.35719668425019,2099,1678,2946,2700,2300,2011,0,-800,400,0,-150,0,131,-379,122,0,-69,55,122,124,122,125,121,123,40,42,42,43,41,44,9,114,0,0,3,4
5.8812,,-8.263736263736265,-25.934065934065934,36.92307692307692,68.26373626373626,19.736263736263737,38.35719668425019,2106,1651,2963,2700,2296,2012,150,-800,500,0,-150,0,53,-383,120,0,-72,55,121,124,122,125,121,123,40,42,43,43,41,44,16,102,0,0,12,2
5.9147,,-6.593406593406593,-28.395604395604394,38.505494505494504,68.17582417582418,19.208791208791208,38.35719668425019,2115,1620,2982,2700,2290,2012,250,-900,550,0,-150,50,191,-403,142,0,-23,51,122,124,122,125,121,123,40,42,42,43,41,44,32,99,0,0,10,4
5.9481,,-4.835164835164835,-31.12087912087912,40.35164835164835,68.17582417582418,18.857142857142858,38.35719668425019,2127,1590,3002,2700,2284,2013,350,-900,600,0,-200,0,127,-393,46,-23,27,-69,122,124,122,125,121,123,40,42,42,43,41,44,37,101,0,0,8,3
5.9816,,-3.340659340659341,-33.934065934065934,42.1978021978022,68.17582417582418,18.681318681318682,38.35719668425019,2142,1559,3020,2700,2279,2013,400,-900,550,0,-150,0,144,-390,46,-23,-76,48,121,124,122,125,121,123,40,42,42,43,41,44,39,96,0,0,3,1
6.0151,,-1.934065934065934,-36.747252747252745,44.30769230769231,68.17582417582418,18.153846153846153,38.43255463451394,2159,1530,3040,2700,2274,2013,500,-950,600,0,-150,0,137,-384,45,-23,52,48,121,124,122,125,121,123,40,42,42,43,41,44,23,95,0,0,1,2
6.0487,,-0.5274725274725275,-39.56043956043956,46.505494505494504,68.17582417582418,17.36263736263736,38.50791258477769,2176,1498,3061,2700,2270,2013,500,-950,600,0,-100,0,126,-379,137,-23,-72,51,122,124,122,125,121,124,40,42,42,43,41,44,31,100,0,0,3,3
6.0821,,0.5274725274725275,-42.637362637362635,48.7032967032967,68.17582417582418,16.483516483516482,38.6586284853052,2192,1465,3083,2700,2264,2013,500,-950,650,0,-150,0,148,-404,83,-23,-112,55,122,124,122,125,121,123,40,42,43,43,41,44,21,94,2,0,12,4
6.1156,,1.2307692307692308,-45.62637362637363,50.72527472527472,68.17582417582418,15.868131868131869,38.6586284853052,2209,1432,3105,2700,2257,2013,550,-950,650,0,-200,0,119,-404,88,-23,-120,65,122,124,122,125,121,123,40,42,42,43,41,44,19,85,0,0,14,7
6.149,,1.7582417582417582,-48.61538461538461,52.83516483516483,68.17582417582418,15.516483516483516,38.6586284853052,2223,1400,3128,2700,2249,2014,450,-1000,650,0,-250,0,80,-400,170,-23,-97,65,122,124,122,125,121,123,40,42,43,43,41,44,13,86,0,0,10,4
6.1824,,1.934065934065934,-51.604395604395606,54.857142857142854,68.17582417582418,15.516483516483516,38.6586284853052,2236,1365,3153,2700,2242,2016,400,-1000,700,0,-200,50,44,-393,78,-23,37,58,122,124,122,125,121,124,40,42,42,43,41,44,7,72,0,0,4,2
6.2157,,1.934065934065934,-54.59340659340659,56.79120879120879,68.17582417582418,15.516483516483516,38.6586284853052,2246,1330,3175,2700,2238,2017,350,-1000,700,0,-150,50,111,-385,182,-23,-69,51,122,124,122,125,121,124,40,42,42,43,41,44,2,77,0,0,4,2
6.2491,,1.934065934065934,-57.84615384615385,59.07692307692308,68.26373626373626,15.516483516483516,38.6586284853052,2252,1296,3200,2701,2234,2018,150,-1050,750,0,-100,0,83,-405,85,-27,-55,48,122,124,122,125,121,124,40,42,42,43,41,44,6,53,0,0,4,1
6.2826,,1.934065934065934,-61.0989010989011,61.45054945054945,68.26373626373626,15.516483516483516,38.58327053504145,2256,1260,3223,2701,2231,2018,150,-1050,700,0,-50,0,65,-399,172,-23,-44,48,122,124,122,125,121,124,40,42,42,43,41,44,4,61,0,0,3,2
6.3159,,1.934065934065934,-64.87912087912088,64.08791208791209,68.26373626373626,15.604395604395604,38.43255463451394,2259,1223,3248,2701,2230,2018,50,-1100,700,0,-50,0,55,-398,91,-23,-37,41,122,124,122,125,121,124,40,42,42,43,41,44,5,61,0,0,1,0
6.3494,,1.934065934065934,-69.01098901098901,66.54945054945055,68.26373626373626,15.604395604395604,38.35719668425019,2261,1186,3271,2701,2229,2018,50,-1050,700,0,-50,0,48,-405,106,-23,-30,34,122,124,122,125,121,124,40,42,43,43,41,44,4,60,0,0,1,0
6.3827,,1.934065934065934,-72.87912087912088,69.18681318681318,68.35164835164835,15.604395604395604,38.28183873398643,2262,1149,3297,2701,2229,2018,0,-1100,750,0,0,0,44,-446,220,-23,-30,30,122,124,122,125,121,124,40,42,42,43,41,44,4,63,0,0,1,0
6.4161,,2.10989010989011,-76.92307692307692,71.64835164835165,68.35164835164835,15.604395604395604,38.28183873398643,2262,1108,3325,2701,2229,2018,50,-1200,750,0,0,0,44,-456,140,0,-30,27,122,124,122,125,121,124,40,42,42,43,41,43,4,64,0,0,1,0
6.4495,,2.7252747252747254,-80.61538461538461,73.67032967032966,68.35164835164835,15.692307692307692,38.28183873398643,2262,1064,3352,2701,2229,2018,0,-1250,850,0,0,0,51,-375,136,0,-30,27,122,124,122,125,121,124,40,42,42,43,41,44,5,56,0,0,1,0
6.4829,,3.4285714285714284,-80.7032967032967,74.72527472527473,68.35164835164835,15.604395604395604,38.28183873398643,2263,1022,3380,2701,2229,2018,0,-1300,850,0,0,0,78,-367,198,0,-27,27,122,124,122,125,121,124,40,42,43,43,41,44,11,48,0,0,1,0
6.5164,,3.6043956043956045,-80.61538461538461,75.51648351648352,68.35164835164835,15.516483516483516,38.28183873398643,2267,978,3407,2701,2229,2018,150,-1300,800,0,0,0,112,-307,39,0,-30,27,122,124,122,125,122,124,40,42,42,43,41,44,15,15,0,0,1,0
6.5498,,3.6043956043956045,-80.61538461538461,76.57142857142857,68.35164835164835,15.516483516483516,38.20648078372268,2272,944,3429,2701,2229,2018,150,-1000,650,0,0,0,79,-193,-17,0,-34,27,122,124,123,125,122,124,40,42,42,43,41,44,3,2,7,0,2,0
6.5832,,3.78021978021978,-80.61538461538461,77.71428571428571,68.35164835164835,15.076923076923077,38.20648078372268,2276,918,3443,2702,2229,2018,100,-850,500,50,0,0,-55,-174,90,-23,-34,23,122,124,123,125,122,124,40,42,42,43,41,44,3,0,3,0,2,0
6.6167,,3.78021978021978,-80.61538461538461,78.68131868131869,68.35164835164835,14.10989010989011,38.20648078372268,2279,898,3455,2702,2228,2018,100,-550,300,0,0,0,62,20,-29,-23,-51,23,122,124,123,125,122,124,40,42,43,43,41,44,5,0,0,0,6,0
6.6501,,3.78021978021978,-80.61538461538461,79.64835164835165,68.26373626373626,12.263736263736265,38.20648078372268,2282,890,3466,2702,2226,2018,100,-550,350,0,-50,0,51,-55,-36,-23,-103,23,122,124,123,125,122,124,40,42,42,43,41,44,3,0,0,0,14,0
6.6835,,3.78021978021978,-80.61538461538461,80.43956043956044,68.08791208791209,9.978021978021978,38.20648078372268,2283,888,3475,2702,2220,2018,50,-100,300,0,-150,0,-73,-48,106,-27,-153,23,122,124,123,125,122,124,40,42,43,43,41,44,2,1,0,0,18,0
6.7169,,3.78021978021978,-80.61538461538461,80.79120879120879,68.08791208791209,7.956043956043956,38.20648078372268,2284,889,3487,2702,2207,2018,50,0,350,0,-350,0,41,-48,86,-34,-217,23,122,124,122,125,121,124,40,42,42,43,41,44,2,0,4,0,19,0
6.7503,,3.78021978021978,-80.61538461538461,80.96703296703296,68.08791208791209,6.285714285714286,38.13112283345893,2284,888,3497,2702,2190,2018,0,50,350,0,-450,0,41,-51,-76,-34,-152,23,122,124,122,125,121,124,40,42,42,43,41,44,2,2,2,0,25,0
6.7837,,3.6923076923076925,-80.61538461538461,81.49450549450549,68.08791208791209,4.967032967032967,38.13112283345893,2285,886,3505,2702,2172,2018,50,-100,250,0,-550,0,37,-41,0,-34,-235,0,122,124,122,125,121,124,40,42,42,43,41,44,2,3,0,0,8,0
6.8171,,3.6043956043956045,-80.61538461538461,82.54945054945055,68.0,4.43956043956044,38.13112283345893,2285,883,3513,2702,2153,2018,0,-50,250,0,-600,0,34,-30,-23,-34,-121,0,122,124,122,125,121,124,40,42,43,43,41,44,1,1,0,0,4,0
6.8505,,3.4285714285714284,-80.61538461538461,84.3076923076923,68.0,4.43956043956044,38.13112283345893,2285,883,3519,2702,2136,2018,0,0,150,0,-500,0,30,-30,0,-37,-176,0,122,124,122,125,121,124,40,42,42,43,41,44,1,2,5,0,15,0
6.884,,3.340659340659341,-80.61538461538461,86.68131868131869,68.0,4.43956043956044,38.055764883195174,2285,883,3528,2702,2125,2018,0,0,250,0,-400,0,23,-30,106,-37,-118,0,122,124,122,125,122,124,40,42,42,43,41,44,0,3,1,0,4,0
6.9175,,3.340659340659341,-80.61538461538461,88.96703296703296,67.91208791208791,4.43956043956044,37.90504898266767,2285,879,3540,2702,2117,2018,0,-150,350,0,-250,0,0,0,70,-37,-86,0,122,124,122,125,122,124,40,42,42,43,41,44,0,0,0,0,5,0
6.9509,,3.340659340659341,-80.61538461538461,90.9010989010989,67.91208791208791,4.43956043956044,37.829691032403915,2285,877,3558,2702,2112,2018,0,-50,450,0,-200,0,0,23,184,-41,-65,-27,122,124,123,125,122,124,40,42,43,43,41,44,0,0,0,1,4,0
6.9843,,3.340659340659341,-80.61538461538461,92.3956043956044,67.91208791208791,4.43956043956044,37.829691032403915,2285,877,3581,2702,2108,2018,0,0,600,0,-100,0,0,23,87,-41,-51,-30,122,124,122,125,122,124,40,42,42,43,41,44,0,0,0,1,3,0
7.0177,,3.340659340659341,-80.61538461538461,92.3956043956044,68.08791208791209,4.263736263736264,37.829691032403915,2285,877,3605,2702,2106,2018,0,0,800,0,-50,0,0,23,85,-41,-48,-30,122,124,122,125,122,124,40,42,42,43,41,44,0,0,0,2,3,0
7.0511,,3.340659340659341,-80.61538461538461,92.3956043956044,68.08791208791209,4.087912087912088,37.829691032403915,2285,877,3623,2695,2103,2018,0,100,750,-250,-200,0,0,23,65,23,-44,-30,122,124,123,125,122,124,40,42,42,43,41,44,0,0,4,0,3,0
7.0846,,3.076923076923077,-80.61538461538461,92.3956043956044,68.08791208791209,4.087912087912088,37.829691032403915,2286,875,3631,2694,2101,2018,50,-50,300,-50,-50,0,0,30,-83,27,-41,-30,122,124,123,125,122,124,40,42,42,43,41,44,0,0,5,0,2,0
7.1181,,2.901098901098901,-80.61538461538461,92.3956043956044,68.17582417582418,4.087912087912088,37.75433308214017,2286,873,3635,2694,2099,2018,0,-50,150,0,-50,0,-27,37,0,27,-34,-30,122,124,123,125,122,124,40,42,43,43,41,44,4,2,1,0,2,0
7.1515,,2.6373626373626373,-80.61538461538461,92.3956043956044,68.17582417582418,4.087912087912088,36.77467972871138,2286,873,3638,2694,2097,2018,0,0,100,0,-50,0,-34,37,0,30,-34,-34,122,124,122,125,122,124,40,42,42,43,41,44,2,2,0,0,2,0
7.1849,,1.8461538461538463,-80.61538461538461,92.3956043956044,68.17582417582418,4.087912087912088,34.21250941974378,2286,873,3638,2693,2095,2018,0,0,50,-50,-150,0,-44,37,-27,34,0,-116,122,124,122,125,122,124,40,42,42,43,41,44,4,1,0,0,2,13
7.2184,,0.7912087912087912,-80.61538461538461,92.3076923076923,68.17582417582418,4.175824175824176,29.84174830444612,2286,873,3638,2693,2095,2013,0,0,0,0,0,-50,-94,37,-27,34,0,-234,122,124,122,125,121,124,40,42,42,43,41,44,12,1,0,0,0,30
7.2519,,-0.17582417582417584,-80.61538461538461,92.3076923076923,68.26373626373626,4.263736263736264,24.114544084400904,2281,873,3638,2693,2094,1996,-50,0,0,0,0,-450,-123,37,-30,34,0,-335,122,124,122,125,121,124,40,42,42,43,41,44,7,1,1,0,0,35
7.2853,,-1.054945054945055,-80.61538461538461,92.3076923076923,68.26373626373626,4.263736263736264,18.010550113036924,2272,873,3638,2693,2094,1967,-250,0,0,0,0,-800,-116,37,-30,37,23,-420,122,124,122,125,121,124,40,42,42,43,41,44,14,1,0,0,1,81
7.3188,,-1.6703296703296704,-80.61538461538461,92.3076923076923,68.26373626373626,4.263736263736264,11.002260738507912,2263,873,3638,2693,2094,1927,-300,0,0,0,0,-950,-56,37,-30,37,23,-500,122,124,122,125,121,123,40,42,42,43,41,44,9,2,0,0,0,106
7.3521,,-2.10989010989011,-80.61538461538461,92.3076923076923,68.26373626373626,4.351648351648351,4.069329314242653,2253,873,3638,2693,2094,1880,-300,0,0,0,0,-1300,-117,37,-30,37,23,-500,122,124,122,125,121,123,40,42,42,43,41,44,6,2,0,0,0,70
7.3855,,-2.4615384615384617,-80.61538461538461,92.3076923076923,68.17582417582418,4.43956043956044,1.1303692539562924,2244,873,3638,2693,2094,1834,-250,0,0,0,0,-1500,-90,37,-30,37,27,-500,122,124,122,125,121,124,40,42,42,43,41,44,4,2,1,0,0,72
7.419,,-2.5494505494505493,-80.61538461538461,92.3076923076923,68.26373626373626,4.43956043956044,2.7128862094951014,2237,873,3638,2693,2094,1784,-200,0,0,0,0,-1450,-79,37,-30,34,30,-500,122,124,122,125,121,124,40,42,43,43,41,43,5,1,0,0,1,67
7.4525,,-2.6373626373626373,-80.61538461538461,92.3076923076923,68.26373626373626,4.43956043956044,3.3157498116051247,2232,873,3638,2693,2094,1734,-150,0,0,0,0,-1500,-69,37,-30,37,30,-500,122,124,122,125,121,124,40,42,42,43,41,44,4,2,0,0,1,67
7.4859,,-2.7252747252747254,-80.61538461538461,92.3076923076923,68.26373626373626,4.527472527472527,2.562170308967596,2228,873,3638,2693,2094,1687,-100,0,0,0,0,-1450,-55,37,-30,37,30,-500,122,124,122,125,121,124,40,42,43,43,41,44,3,2,1,0,1,64
7.5194,,-2.7252747252747254,-80.61538461538461,92.3076923076923,68.26373626373626,4.615384615384615,2.562170308967596,2225,873,3638,2693,2094,1636,-100,0,0,0,0,-1500,-48,37,-30,37,34,-483,122,124,122,125,121,124,40,42,43,43,41,44,3,2,1,0,2,61
7.5529,,-2.7252747252747254,-80.61538461538461,92.3076923076923,68.26373626373626,4.615384615384615,2.562170308967596,2223,873,3638,2693,2094,1589,-50,0,0,0,0,-1450,-37,37,-30,37,37,-380,122,124,122,125,121,124,40,42,42,43,41,44,1,2,1,0,3,15
7.5863,,-2.7252747252747254,-80.61538461538461,92.3076923076923,68.26373626373626,4.615384615384615,2.562170308967596,2222,873,3638,2693,2094,1553,-50,0,0,0,0,-1150,-34,37,-30,37,37,-259,122,124,122,125,121,124,40,42,42,43,41,44,1,2,1,0,2,9
7.6197,,-2.7252747252747254,-80.61538461538461,92.3076923076923,68.26373626373626,4.615384615384615,2.562170308967596,2220,873,3638,2693,2094,1530,-50,0,0,0,0,-900,-30,37,-30,37,37,-245,122,124,122,125,121,124,40,42,42,43,41,44,0,1,1,1,3,5
7.6531,,-2.7252747252747254,-80.61538461538461,92.3076923076923,68.26373626373626,4.615384615384615,2.562170308967596,2220,873,3638,2693,2094,1512,0,0,0,0,0,-600,-27,37,-30,37,37,-178,122,124,122,125,121,124,40,42,42,43,41,44,0,2,1,0,2,5
7.6865,,-2.7252747252747254,-80.61538461538461,92.3076923076923,68.26373626373626,4.7032967032967035,2.562170308967596,2220,873,3638,2693,2094,1501,0,0,0,0,0,-350,-27,37,-30,37,37,-47,122,124,122,125,121,124,40,42,42,43,41,44,0,1,1,0,2,10
7.72,,-2.7252747252747254,-80.61538461538461,92.3076923076923,68.26373626373626,4.7032967032967035,2.562170308967596,2220,873,3638,2693,2094,1494,0,0,0,0,0,-200,-27,37,-30,37,41,-115,122,124,122,125,121,124,40,42,42,43,41,44,0,1,1,0,4,12
7.7535,,-2.7252747252747254,-80.61538461538461,92.3076923076923,68.26373626373626,4.7032967032967035,2.562170308967596,2220,873,3638,2693,2094,1490,0,0,0,0,0,-200,-27,37,-30,37,41,23,122,124,122,125,121,124,40,42,42,43,41,44,0,1,0,0,4,9
7.7868,,-2.7252747252747254,-80.61538461538461,92.3076923076923,68.26373626373626,4.615384615384615,2.562170308967596,2220,873,3638,2693,2094,1487,0,0,0,0,0,-100,-27,37,-30,37,41,-83,122,124,122,125,121,124,40,42,42,43,41,44,0,1,0,0,4,10
7.8204,,-2.7252747252747254,-80.61538461538461,92.3076923076923,68.26373626373626,4.615384615384615,2.562170308967596,2220,873,3638,2693,2094,1485,0,0,0,0,0,-50,-27,37,-30,37,37,-76,122,124,122,125,121,124,40,42,42,43,41,44,0,2,1,0,2,8
