t,marker,frame_idx,goal_pos.shoulder_pan,goal_pos.shoulder_lift,goal_pos.elbow_flex,goal_pos.wrist_flex,goal_pos.wrist_roll,goal_pos.gripper,pos.shoulder_pan,pos.shoulder_lift,pos.elbow_flex,pos.wrist_flex,pos.wrist_roll,pos.gripper,vel.shoulder_pan,vel.shoulder_lift,vel.elbow_flex,vel.wrist_flex,vel.wrist_roll,vel.gripper,load.shoulder_pan,load.shoulder_lift,load.elbow_flex,load.wrist_flex,load.wrist_roll,load.gripper,volt.shoulder_pan,volt.shoulder_lift,volt.elbow_flex,volt.wrist_flex,volt.wrist_roll,volt.gripper,temp.shoulder_pan,temp.shoulder_lift,temp.elbow_flex,temp.wrist_flex,temp.wrist_roll,temp.gripper,curr.shoulder_pan,curr.shoulder_lift,curr.elbow_flex,curr.wrist_flex,curr.wrist_roll,curr.gripper
0.0,,0,-0.17582418024539948,-102.63735961914062,96.04395294189453,54.94505310058594,-0.3956044018268585,2.391629219055176,2182,699,3694,2749,2086,1534,0,0,0,0,0,0,0,0,0,0,0,0,121,124,122,125,121,123,40,43,42,43,41,44,0,0,0,0,0,0
0.0335,,1,-0.17582418024539948,-102.63735961914062,96.04395294189453,54.94505310058594,-0.3956044018268585,2.391629219055176,2182,699,3694,2749,2086,1534,0,0,0,0,0,0,115,-110,-105,-88,-110,-84,121,124,122,124,121,123,40,43,42,43,41,44,16,14,9,9,19,9
0.067,,2,-0.17582418024539948,-102.63735961914062,96.04395294189453,54.94505310058594,-0.3956044018268585,2.391629219055176,2189,693,3693,2745,2084,1525,50,-50,0,-150,0,-250,153,-256,-76,-284,-193,-158,120,123,121,123,120,122,40,43,42,43,41,44,50,43,4,59,25,56
0.1006,,3,-0.17582418024539948,-102.63735961914062,96.04395294189453,54.94505310058594,-0.3956044018268585,2.391629219055176,2204,679,3691,2721,2073,1510,400,-200,-50,-600,-300,-400,201,-118,-69,-431,-125,-203,120,122,121,123,120,122,40,43,42,43,41,44,17,27,4,115,9,20
0.1342,,4,-0.17582418024539948,-102.63735961914062,96.04395294189453,54.94505310058594,-0.3956044018268585,2.391629219055176,2218,664,3690,2684,2064,1498,400,-450,0,-1000,-300,-400,125,-157,-69,-342,-104,-51,120,123,121,123,120,122,40,43,42,43,41,44,4,5,8,89,4,10
0.1676,,5,-0.17582418024539948,-102.63735961914062,96.04395294189453,54.94505310058594,-0.3956044018268585,2.391629219055176,2225,652,3690,2646,2059,1491,300,-350,-50,-1200,-200,-250,93,-108,-65,-303,-79,-108,121,123,121,124,120,123,40,43,42,43,41,44,5,2,9,28,5,13
0.2011,,6,-0.17582418024539948,-102.63735961914062,96.04395294189453,54.94505310058594,-0.3956044018268585,2.391629219055176,2230,645,3689,2618,2055,1486,150,-300,0,-950,-150,-150,76,-76,-62,-291,55,-93,121,123,121,124,120,123,40,43,42,43,41,44,7,1,7,5,3,7
0.2346,,7,-0.17582418024539948,-102.63735961914062,96.04395294189453,54.94505310058594,-0.3956044018268585,2.391629219055176,2233,643,3689,2598,2053,1483,100,-50,0,-700,-100,-100,62,-65,-62,-210,-55,-83,121,123,122,124,121,123,40,43,42,43,41,44,6,3,8,6,2,8
0.268,,8,-0.17582418024539948,-102.63735961914062,96.04395294189453,54.94505310058594,-0.3956044018268585,2.391629219055176,2235,640,3689,2584,2051,1482,100,-100,0,-500,-50,-50,58,-55,-62,-153,-48,-76,121,123,122,124,121,123,40,43,42,43,41,44,4,4,8,6,3,12
0.3015,,9,-0.17582418024539948,-102.63735961914062,96.04395294189453,54.94505310058594,-0.3956044018268585,2.391629219055176,2236,638,3689,2575,2051,1481,50,-50,0,-300,0,0,51,-48,-62,-118,-48,-72,121,123,122,124,121,123,40,43,42,43,41,44,4,2,8,10,4,10
0.3349,,10,-0.17582418024539948,-102.63735961914062,96.04395294189453,54.94505310058594,-0.3956044018268585,2.391629219055176,2237,636,3689,2570,2050,1480,50,-50,0,-150,0,-50,48,-44,-62,-101,73,-69,121,123,122,124,121,123,40,43,42,43,41,44,4,2,8,9,2,9
0.3683,,11,-0.17582418024539948,-102.63735961914062,96.04395294189453,54.94505310058594,-0.21978022158145905,2.391629219055176,2237,635,3689,2566,2049,1480,0,-50,0,-150,-50,0,48,-37,-62,-86,-41,-69,121,123,122,124,121,123,40,43,42,43,41,44,6,2,8,11,2,11
0.4017,,12,-0.5274725556373596,-102.63735961914062,96.04395294189453,54.94505310058594,-0.1318681389093399,2.391629219055176,2237,635,3689,2564,2049,1480,0,0,0,-100,0,0,48,-37,-62,-76,-34,-69,121,123,122,124,121,123,40,43,42,43,41,44,4,2,8,10,1,11
0.4351,,13,-0.7032967209815979,-102.63735961914062,96.04395294189453,54.94505310058594,-0.1318681389093399,2.391629219055176,2237,635,3689,2562,2049,1480,0,0,0,-50,0,0,28,-37,-62,-72,-30,-69,121,123,122,124,121,123,40,43,42,43,41,44,2,3,8,5,0,11
0.4686,,14,-0.7032967209815979,-102.63735961914062,96.04395294189453,54.94505310058594,-0.1318681389093399,2.391629219055176,2237,635,3689,2561,2049,1480,0,0,0,-50,0,0,27,-37,-62,-65,-30,-69,121,123,122,124,121,123,40,43,42,43,41,44,2,1,9,3,1,12
0.502,,15,-0.7032967209815979,-102.63735961914062,96.04395294189453,54.94505310058594,-0.1318681389093399,2.391629219055176,2237,635,3689,2561,2049,1480,0,0,0,0,0,0,27,-37,-62,-65,-30,-69,121,123,122,124,121,123,40,43,42,43,41,44,2,2,8,9,0,12
0.5355,,16,-0.7032967209815979,-102.63735961914062,96.04395294189453,54.94505310058594,-0.1318681389093399,2.391629219055176,2237,635,3689,2561,2049,1479,0,0,0,0,0,0,27,-37,-62,-65,-30,-65,121,124,122,124,121,123,40,43,42,43,41,44,1,2,8,9,0,8
0.569,,17,-0.791208803653717,-102.63735961914062,96.04395294189453,54.94505310058594,-0.1318681389093399,2.391629219055176,2237,635,3689,2561,2049,1479,0,0,0,0,0,0,27,-37,-62,-65,-30,-65,121,124,122,124,121,123,40,43,42,43,41,44,1,2,8,9,0,8
0.6024,,18,-0.791208803653717,-102.63735961914062,96.04395294189453,54.94505310058594,-0.1318681389093399,2.391629219055176,2237,635,3689,2561,2049,1479,0,0,0,0,0,0,23,-37,-62,-65,-30,-65,121,124,122,124,121,123,40,43,42,43,41,44,1,2,8,10,0,9
0.6358,,19,-0.791208803653717,-102.63735961914062,96.04395294189453,54.94505310058594,-0.1318681389093399,2.391629219055176,2237,635,3689,2561,2049,1479,0,0,0,0,0,0,23,-37,-62,-65,-30,-65,121,124,122,124,121,123,40,43,42,43,41,44,0,2,8,9,1,8
0.6693,,20,-0.7032967209815979,-102.63735961914062,96.04395294189453,54.94505310058594,-0.48351648449897766,2.391629219055176,2237,635,3689,2561,2049,1479,0,0,0,0,0,0,23,-37,-62,-65,-30,-65,121,124,122,124,121,123,40,43,42,43,41,44,1,2,8,10,1,9
0.7027,,21,-0.7032967209815979,-102.63735961914062,96.04395294189453,54.94505310058594,-0.48351648449897766,2.391629219055176,2237,635,3689,2561,2049,1479,0,0,0,0,0,0,27,-37,-62,-65,-44,-65,121,124,122,124,121,123,40,43,42,43,41,44,2,3,8,10,3,8
0.7362,,22,-0.8791208863258362,-102.63735961914062,96.04395294189453,54.94505310058594,-0.04395604506134987,2.391629219055176,2237,635,3689,2561,2049,1479,0,0,0,0,0,0,27,-37,-62,-65,-44,-65,121,124,122,124,121,123,40,43,42,43,41,44,1,2,8,9,3,9
0.7698,,23,-0.9670329689979553,-102.63735961914062,95.95604705810547,55.03296661376953,-0.04395604506134987,2.391629219055176,2237,635,3689,2561,2049,1479,0,0,0,0,0,0,0,-37,-62,-65,-18,-65,121,124,122,124,121,123,40,43,42,43,41,44,0,2,8,10,1,9
0.8032,,24,-0.9670329689979553,-102.63735961914062,95.95604705810547,55.03296661376953,-0.04395604506134987,2.391629219055176,2237,635,3689,2561,2049,1479,0,0,0,0,0,0,0,-37,-62,-62,-27,-65,121,124,122,124,121,123,40,43,42,43,41,44,0,2,8,8,0,9
0.8367,,25,-0.9670329689979553,-102.63735961914062,95.95604705810547,55.03296661376953,-0.04395604506134987,2.391629219055176,2237,635,3689,2561,2049,1479,0,0,0,0,0,0,0,-37,-62,-62,-27,-65,121,124,122,124,121,123,40,43,42,43,41,44,0,2,8,8,0,9
0.8702,,26,-0.8791208863258362,-102.63735961914062,95.95604705810547,55.03296661376953,-0.48351648449897766,2.391629219055176,2237,635,3689,2561,2049,1479,0,0,0,0,0,0,0,-37,-62,-62,-27,-65,121,124,122,124,121,123,40,43,42,43,41,44,0,2,8,8,0,9
0.9036,,27,-0.8791208863258362,-102.63735961914062,95.95604705810547,54.94505310058594,-0.21978022158145905,2.466367721557617,2237,635,3689,2561,2049,1479,0,0,0,0,0,0,0,-37,-62,-62,-58,-65,121,124,122,124,121,123,40,43,42,43,41,44,0,2,8,9,3,9
0.937,,28,-1.582417607307434,-102.63735961914062,96.04395294189453,54.85714340209961,-0.04395604506134987,2.6905829906463623,2237,635,3689,2561,2049,1479,0,0,0,0,0,0,0,-37,-62,-65,-34,-58,121,124,122,124,121,123,40,43,42,43,41,44,0,2,8,10,1,5
0.9705,,29,-2.6373627185821533,-102.63735961914062,96.04395294189453,54.769229888916016,0.04395604506134987,3.2884902954101562,2237,635,3689,2561,2049,1479,0,0,0,0,0,0,-55,-37,-62,-69,-27,-48,121,124,122,124,121,123,40,43,42,43,41,44,5,2,8,10,0,3
1.004,,30,-3.3406593799591064,-102.63735961914062,95.86813354492188,54.94505310058594,0.04395604506134987,4.783258438110352,2236,635,3689,2561,2049,1479,0,0,0,0,0,0,-100,-37,-62,-72,0,39,121,124,122,124,121,123,40,43,42,43,41,44,11,2,8,11,0,1
1.0374,,31,-3.5164835453033447,-102.63735961914062,95.86813354492188,55.03296661376953,0.04395604506134987,7.548580169677734,2230,635,3689,2561,2049,1480,-150,0,0,0,0,0,30,-37,-65,-65,0,121,121,123,122,124,121,123,40,43,42,43,41,44,9,1,10,9,0,13
1.071,,32,-3.2527472972869873,-102.63735961914062,95.78022003173828,55.03296661376953,0.04395604506134987,11.210762023925781,2223,635,3689,2561,2049,1484,-250,0,0,0,0,100,-76,-37,-65,-62,0,245,121,123,122,124,121,123,40,43,42,43,41,44,3,2,9,9,0,32
1.1044,,33,-2.7252748012542725,-102.63735961914062,95.78022003173828,55.03296661376953,0.04395604506134987,15.321374893188477,2219,635,3689,2561,2049,1504,-150,0,0,0,0,600,-44,-37,-69,-62,0,278,121,123,121,124,120,123,40,43,42,43,41,44,3,1,10,8,0,38
1.1379,,34,-2.6373627185821533,-102.63735961914062,95.78022003173828,55.03296661376953,0.04395604506134987,19.50672721862793,2218,635,3689,2561,2049,1531,-50,0,0,0,0,750,19,-37,-69,-62,0,370,121,123,121,124,120,123,40,43,42,43,41,44,1,2,11,8,0,68
1.1714,,35,-2.7252748012542725,-102.54945373535156,95.78022003173828,55.120880126953125,0.1318681389093399,23.542600631713867,2218,635,3689,2561,2049,1565,0,0,0,0,0,950,0,-37,-69,-62,0,473,121,123,121,124,120,123,40,43,42,43,41,44,0,1,11,8,0,66
1.2048,,36,-3.3406593799591064,-102.54945373535156,95.69230651855469,55.120880126953125,0.1318681389093399,27.05530548095703,2218,635,3689,2561,2049,1609,0,0,0,0,0,1150,0,-37,-69,-58,0,500,121,123,121,124,120,123,40,43,42,43,41,44,0,1,11,7,0,76
1.2383,,37,-3.4285714626312256,-102.46154022216797,95.51648712158203,55.120880126953125,0.21978022158145905,29.820627212524414,2218,635,3689,2561,2049,1657,0,0,0,0,0,1400,-61,-37,-76,-58,0,493,121,123,121,124,120,123,40,43,42,43,41,44,6,1,12,7,0,78
1.2718,,38,-3.2527472972869873,-102.37362670898438,95.34066009521484,55.120880126953125,0.3076923191547394,32.06277847290039,2217,635,3689,2561,2049,1703,0,0,0,0,0,1450,-44,-34,-79,-58,0,494,121,123,121,124,120,123,40,43,42,43,41,44,2,1,13,7,0,73
1.3053,,39,-3.2527472972869873,-102.37362670898438,94.9011001586914,55.120880126953125,0.7472527623176575,33.78176498413086,2214,635,3688,2561,2049,1752,-100,0,0,0,0,1450,-30,-30,-83,-58,23,500,121,123,121,124,120,123,40,43,42,43,41,44,0,1,12,7,0,67
1.3388,,40,-2.9010989665985107,-102.02198028564453,93.4065933227539,55.20878982543945,1.890109896659851,34.67862319946289,2214,635,3688,2561,2049,1800,-50,0,0,0,0,1400,-27,-30,-101,-58,41,437,121,123,121,124,120,123,40,43,42,43,41,44,1,1,24,8,2,51
1.3722,,41,-2.9010989665985107,-100.87911987304688,91.29669952392578,56.0,2.857142925262451,35.05231857299805,2214,635,3688,2561,2051,1845,0,0,0,0,50,1350,0,0,-191,-55,100,323,121,123,121,124,120,123,40,43,42,43,41,44,1,0,46,6,2,30
1.4057,,42,-2.98901104927063,-98.85713958740234,87.6043930053711,57.67033004760742,3.2087912559509277,35.05231857299805,2214,635,3680,2561,2058,1880,0,0,-200,0,200,1100,0,88,-256,24,122,262,121,123,121,124,120,123,40,43,42,43,41,44,0,9,73,1,5,5
1.4391,,43,-3.4285714626312256,-95.86813354492188,82.85713958740234,59.9560432434082,3.2087912559509277,35.12705612182617,2214,639,3672,2563,2066,1908,0,50,-250,50,300,950,0,166,-270,94,83,241,121,123,121,124,120,123,40,43,42,43,41,44,0,9,151,6,3,2
1.4725,,44,-3.5164835453033447,-92.17582702636719,78.10989379882812,61.71428680419922,3.2087912559509277,35.12705612182617,2213,652,3657,2571,2071,1926,0,350,-400,250,150,600,-34,232,-392,167,65,196,120,123,121,123,120,122,40,43,42,43,41,44,3,14,201,9,2,3
1.506,,45,-3.5164835453033447,-87.69230651855469,74.32967376708984,61.978023529052734,3.2087912559509277,35.12705612182617,2211,669,3633,2586,2075,1938,-100,350,-550,400,100,450,-27,229,-578,191,48,143,120,122,120,122,119,121,40,43,42,43,41,44,1,29,251,9,1,2
1.5394,,46,-3.604395627975464,-82.5934066772461,70.9011001586914,61.978023529052734,3.296703338623047,35.12705612182617,2210,691,3603,2601,2078,1946,-50,650,-850,450,150,300,-23,315,-552,115,41,111,118,121,119,121,118,120,40,43,42,43,41,44,0,48,246,1,1,2
1.5727,,47,-4.131868362426758,-76.61538696289062,67.38461303710938,61.978023529052734,3.5604395866394043,35.2017936706543,2209,719,3567,2611,2080,1952,0,800,-1000,450,50,200,-23,492,-583,-45,-83,86,118,120,118,120,117,119,40,43,42,43,41,44,1,63,257,0,0,6
1.6062,,48,-5.274725437164307,-70.81318664550781,64.04395294189453,61.978023529052734,4.263736248016357,35.2017936706543,2209,758,3529,2616,2082,1956,0,950,-1150,150,50,100,-51,399,-591,62,37,76,118,120,118,120,117,119,40,43,42,43,41,44,5,72,220,1,0,4
1.6396,,49,-5.97802209854126,-65.53845977783203,60.61538314819336,62.5054931640625,5.05494499206543,35.2017936706543,2206,800,3492,2620,2085,1959,-50,1250,-1150,150,50,100,-102,467,-502,44,-58,69,118,120,118,121,117,120,40,43,42,43,41,44,7,94,205,0,0,4
1.673,,50,-7.296703338623047,-59.912086486816406,57.098899841308594,63.47252655029297,5.5824174880981445,35.2017936706543,2198,850,3451,2623,2089,1961,-200,1450,-1200,100,100,50,-79,507,-578,-57,81,58,119,121,119,122,118,121,40,43,42,43,41,44,6,90,222,2,7,4
1.7064,,51,-8.967033386230469,-54.63736343383789,53.58241653442383,65.05494689941406,5.142857074737549,35.2017936706543,2191,905,3409,2629,2095,1963,-250,1600,-1250,150,150,50,-50,555,-598,92,86,51,120,122,120,122,119,121,40,43,42,43,41,44,12,91,174,6,6,2
1.7398,,52,-10.197802543640137,-50.32966995239258,49.978023529052734,66.37362670898438,4.527472496032715,35.2017936706543,2181,961,3368,2636,2099,1963,-200,1700,-1200,200,150,50,-173,563,-589,131,33,51,120,122,120,123,119,121,40,43,42,43,41,44,22,73,204,10,1,3
1.7732,,53,-11.252747535705566,-46.81318664550781,46.901100158691406,67.69230651855469,3.5604395866394043,35.2017936706543,2168,1023,3329,2648,2099,1963,-350,1800,-1200,350,0,0,-170,543,-583,158,0,51,120,122,120,123,119,122,40,43,42,43,41,44,21,49,188,2,1,4
1.8066,,54,-12.131868362426758,-44.17582321166992,44.0,68.48351287841797,1.890109896659851,35.2017936706543,2153,1087,3288,2660,2099,1963,-450,1950,-1250,400,0,0,-60,478,-561,165,-71,51,120,122,120,123,120,122,40,43,42,43,41,44,5,20,194,2,8,4
1.84,,55,-12.835165023803711,-42.06593322753906,41.89011001586914,68.74725341796875,0.3076923191547394,35.2017936706543,2139,1142,3249,2673,2095,1963,-450,1700,-1150,400,-100,0,-155,403,-536,132,-132,51,120,122,121,123,120,122,40,43,42,43,41,44,9,19,172,0,15,4
1.8734,,56,-13.538461685180664,-40.39560317993164,40.0439567565918,68.74725341796875,-1.0989011526107788,35.2017936706543,2128,1190,3213,2684,2086,1963,-300,1500,-1150,400,-200,0,-133,363,-524,-30,-177,51,120,123,121,123,120,122,40,43,42,43,41,44,1,2,190,0,22,4
1.9068,,57,-14.505494117736816,-38.63736343383789,38.46154022216797,68.74725341796875,-2.153846263885498,35.2017936706543,2118,1237,3179,2691,2074,1964,-350,1450,-1050,200,-350,0,-35,342,-472,72,-193,48,121,123,121,123,120,122,40,43,42,43,41,44,6,0,160,0,23,4
1.9402,,58,-15.912087440490723,-36.79121017456055,37.31867980957031,68.74725341796875,-2.857142925262451,35.2017936706543,2108,1279,3149,2695,2060,1964,-300,1250,-950,150,-400,0,-125,249,-418,51,-177,48,121,123,121,124,120,122,40,43,42,43,41,44,7,0,145,0,15,3
1.9736,,59,-17.58241844177246,-34.85714340209961,36.263736724853516,68.74725341796875,-3.472527503967285,35.2017936706543,2098,1313,3123,2698,2049,1964,-350,1100,-800,100,-400,0,-146,186,-357,37,-144,48,121,123,121,124,120,123,40,43,42,43,41,44,5,0,150,0,7,4
2.007,,60,-19.25274658203125,-32.92307662963867,35.47252655029297,68.74725341796875,-4.351648330688477,35.2017936706543,2086,1344,3100,2701,2038,1964,-350,900,-650,50,-350,0,-191,182,-342,30,-71,48,121,123,121,124,120,123,40,43,42,43,41,44,3,0,120,0,10,4
2.0404,,61,-20.74725341796875,-30.813186645507812,34.769229888916016,68.74725341796875,-5.142857074737549,35.2017936706543,2072,1372,3081,2702,2028,1964,-400,850,-600,50,-250,0,-205,159,-302,23,-153,48,121,123,121,124,120,123,40,43,42,43,41,44,13,0,117,0,12,4
2.0738,,62,-22.065933227539062,-28.52747344970703,34.153846740722656,68.74725341796875,-6.02197790145874,35.35126876831055,2055,1397,3065,2703,2019,1964,-500,800,-500,0,-300,0,-199,145,-256,0,-56,48,121,123,121,124,120,123,40,43,42,43,41,44,11,0,100,0,9,3
2.1072,,63,-23.120878219604492,-26.153846740722656,33.53845977783203,68.65933990478516,-7.604395389556885,36.098655700683594,2037,1422,3053,2703,2009,1964,-500,750,-450,0,-300,0,-95,138,-306,0,-141,55,121,123,121,124,120,123,40,43,42,43,41,44,10,0,103,0,8,4
2.1406,,64,-23.560440063476562,-23.69230842590332,32.74725341796875,68.65933990478516,-9.626373291015625,37.593421936035156,2022,1446,3041,2703,1999,1965,-500,700,-350,0,-250,0,-103,141,-292,0,-174,122,121,123,121,124,120,123,40,43,42,43,41,44,11,0,89,0,11,18
2.174,,65,-23.648351669311523,-21.58241844177246,31.69230842590332,68.57142639160156,-11.824175834655762,39.686100006103516,2008,1472,3030,2703,1986,1972,-400,750,-300,0,-350,200,-44,171,-217,0,-225,180,121,123,121,124,120,123,40,43,42,43,41,44,4,0,99,0,20,12
2.2073,,66,-23.648351669311523,-19.91208839416504,30.549449920654297,68.57142639160156,-13.934065818786621,42.1524658203125,1997,1497,3020,2703,1969,1985,-400,750,-300,0,-450,350,-86,162,-228,0,-172,158,121,123,121,124,120,123,40,43,42,43,41,44,2,0,110,0,20,37
2.2407,,67,-23.648351669311523,-18.505495071411133,29.670330047607422,68.57142639160156,-14.98901081085205,44.24514389038086,1991,1525,3010,2703,1949,2004,-250,800,-300,0,-550,550,-62,126,-319,0,-184,232,121,123,121,124,120,123,40,43,42,43,41,44,5,0,136,0,20,44
2.2741,,68,-23.736263275146484,-17.626373291015625,29.05494499206543,68.57142639160156,-15.516483306884766,45.216739654541016,1987,1552,2998,2703,1930,2028,-150,800,-300,0,-600,650,73,164,-207,0,-225,271,121,123,121,124,120,123,40,43,42,43,41,44,7,0,123,0,7,54
2.3075,,69,-23.91208839416504,-16.83516502380371,28.439559936523438,68.48351287841797,-15.516483306884766,45.51569366455078,1984,1575,2989,2703,1914,2052,-100,700,-300,0,-500,750,-41,57,-314,0,-196,236,121,123,121,124,120,123,40,43,42,43,41,44,1,0,109,0,10,23
2.3409,,70,-24.439559936523438,-15.95604419708252,27.648351669311523,68.30769348144531,-15.604395866394043,45.51569366455078,1981,1593,2980,2703,1902,2076,-100,650,-250,0,-400,750,-37,-31,-298,-23,-132,224,121,123,121,124,120,123,40,43,42,43,41,44,2,0,113,0,10,8
2.3743,,71,-24.791208267211914,-14.725275039672852,26.505495071411133,68.30769348144531,-15.604395866394043,45.51569366455078,1978,1605,2972,2703,1893,2092,-100,350,-250,0,-250,550,-51,-41,-298,-30,-104,76,121,123,121,124,121,123,40,43,42,43,41,44,2,0,105,1,9,2
2.4077,,72,-24.879121780395508,-13.142857551574707,25.098901748657227,68.30769348144531,-15.604395866394043,45.51569366455078,1974,1615,2964,2703,1888,2103,-100,300,-200,0,-250,350,73,87,-232,-30,-83,44,121,123,121,124,120,123,40,43,42,43,41,44,2,0,138,0,6,6
2.4411,,73,-24.879121780395508,-11.20879077911377,23.340660095214844,68.30769348144531,-15.604395866394043,45.440956115722656,1970,1627,2953,2703,1884,2111,-150,300,-300,0,-100,250,-34,110,-334,-30,-69,101,121,123,121,124,120,123,40,43,42,43,41,44,7,0,123,0,5,4
2.4745,,74,-24.791208267211914,-8.923076629638672,21.230770111083984,68.3956069946289,-15.604395866394043,45.440956115722656,1967,1643,2939,2703,1882,2115,-100,450,-400,0,-50,150,-27,154,-374,-30,-62,76,121,123,121,124,120,123,40,43,42,43,41,44,1,0,128,0,4,1
2.5079,,75,-24.52747344970703,-6.637362480163574,19.296703338623047,68.3956069946289,-15.604395866394043,45.36621856689453,1966,1662,2924,2703,1881,2118,-50,550,-500,0,-50,100,0,175,-317,-27,-58,62,121,123,121,124,120,123,40,43,42,43,41,44,0,0,124,0,5,3
2.5413,,76,-24.263736724853516,-4.439560413360596,17.36263656616211,68.3956069946289,-15.604395866394043,45.36621856689453,1966,1684,2907,2703,1880,2120,0,650,-500,0,-50,100,27,187,-416,-27,-55,55,121,123,121,124,120,123,40,43,42,43,41,44,1,0,152,0,6,2
2.5747,,77,-24.175825119018555,-2.065934181213379,15.516483306884766,68.48351287841797,-15.692307472229004,45.36621856689453,1966,1709,2888,2703,1880,2120,0,700,-600,0,0,0,37,96,-427,-27,-55,51,121,123,121,124,120,123,40,43,42,43,41,44,3,0,152,0,7,4
2.6081,,78,-24.175825119018555,-0.04395604506134987,14.10988998413086,68.48351287841797,-15.868131637573242,45.36621856689453,1966,1736,2867,2703,1880,2120,0,750,-600,0,0,0,41,88,-421,-23,-55,51,121,123,121,124,120,123,40,43,42,43,41,44,4,0,143,0,5,4
2.6416,,79,-24.08791160583496,1.5384615659713745,12.967033386230469,68.48351287841797,-16.30769157409668,45.440956115722656,1966,1762,2846,2703,1880,2120,0,800,-650,0,0,0,41,101,-426,-23,-62,51,121,123,121,124,120,123,40,43,42,43,41,44,4,0,162,0,8,4
2.6751,,80,-24.0,2.5054945945739746,12.263736724853516,68.48351287841797,-17.626373291015625,45.59043502807617,1966,1789,2827,2703,1879,2120,0,800,-550,0,0,0,44,152,-300,-23,-85,55,121,123,121,124,120,123,40,43,42,43,41,44,4,0,122,0,8,5
2.7085,,81,-23.736263275146484,2.9450550079345703,12.263736724853516,68.48351287841797,-19.120878219604492,45.59043502807617,1966,1813,2810,2703,1875,2121,0,800,-550,0,-100,0,48,-32,-251,-23,-144,66,121,123,121,124,120,123,40,43,42,43,41,44,5,0,119,0,15,8
2.7419,,82,-23.120878219604492,3.1208791732788086,12.527472496032715,68.48351287841797,-19.648351669311523,45.51569366455078,1966,1828,2798,2703,1866,2123,0,550,-400,0,-250,50,58,27,-280,-23,-80,58,121,123,121,124,120,123,40,43,42,43,41,44,9,1,104,0,19,4
2.7753,,83,-22.85714340209961,3.384615421295166,12.79120922088623,68.57142639160156,-19.648351669311523,45.51569366455078,1966,1839,2792,2703,1855,2124,0,350,-250,0,-300,50,101,-30,-255,-23,-68,48,121,123,121,124,120,123,40,43,42,43,41,44,18,13,101,0,18,3
2.8087,,84,-22.85714340209961,3.912087917327881,12.879120826721191,68.57142639160156,-19.560440063476562,45.51569366455078,1967,1843,2788,2703,1846,2124,0,150,-100,0,-250,0,-27,-41,-220,0,-19,48,121,123,121,124,120,123,40,43,42,43,41,44,16,21,96,0,10,4
2.8421,,85,-22.769229888916016,4.791208744049072,12.79120922088623,68.48351287841797,-19.296703338623047,45.51569366455078,1969,1846,2786,2703,1842,2124,50,50,-100,0,-200,0,83,-22,-213,0,-83,48,121,123,121,124,121,123,40,43,42,43,41,44,15,5,93,0,4,4
2.8755,,86,-22.769229888916016,5.846153736114502,12.615385055541992,68.30769348144531,-19.120878219604492,45.51569366455078,1970,1850,2784,2703,1839,2124,50,50,-50,0,-100,0,83,0,-206,-23,-62,48,121,123,122,124,121,123,40,43,42,43,41,44,15,1,88,0,2,3
2.9089,,87,-22.769229888916016,6.637362480163574,12.527472496032715,68.21977996826172,-18.85714340209961,45.51569366455078,1972,1861,2781,2703,1839,2124,50,350,-100,0,0,0,76,38,-203,-30,-48,48,121,123,122,124,121,123,40,43,42,43,41,44,13,0,87,0,3,4
2.9423,,88,-22.769229888916016,7.516483306884766,12.527472496032715,68.21977996826172,-17.80219841003418,45.51569366455078,1973,1874,2778,2703,1839,2124,0,400,-100,0,0,0,72,0,-203,-34,-41,48,121,123,122,124,121,123,40,43,42,43,41,44,14,0,85,1,2,4
2.9757,,89,-22.593406677246094,8.307692527770996,12.439560890197754,68.13186645507812,-16.74725341796875,45.440956115722656,1974,1883,2777,2703,1839,2124,50,300,0,0,0,0,69,39,-199,-34,0,48,121,123,122,124,121,123,40,43,42,43,41,44,12,1,99,1,3,4
3.0091,,90,-22.329669952392578,9.01098918914795,12.439560890197754,68.13186645507812,-15.604395866394043,45.440956115722656,1975,1892,2776,2703,1842,2124,0,300,-50,0,0,0,72,0,-192,-37,87,41,121,123,122,124,121,123,40,43,42,43,41,44,11,16,85,2,8,1
3.0425,,91,-22.065933227539062,9.450549125671387,12.439560890197754,68.13186645507812,-14.373626708984375,45.440956115722656,1977,1901,2775,2702,1848,2124,50,300,-50,-50,100,0,76,22,-189,-34,112,41,121,123,122,124,121,123,40,43,42,43,41,44,9,11,82,1,7,1
3.0759,,92,-21.80219841003418,9.802197456359863,12.351648330688477,68.04395294189453,-13.494505882263184,45.440956115722656,1979,1908,2775,2702,1856,2124,50,250,0,0,200,0,-37,-34,-189,-34,148,41,121,123,122,124,121,123,40,43,42,43,41,44,10,14,81,1,16,1
3.1093,,93,-21.010988235473633,9.802197456359863,12.351648330688477,67.95604705810547,-12.967033386230469,45.440956115722656,1983,1913,2775,2702,1867,2124,100,150,0,0,350,0,79,-115,-196,-37,137,41,121,123,122,124,120,123,40,43,42,43,41,44,12,3,88,2,3,2
3.1427,,94,-20.571428298950195,9.802197456359863,12.263736724853516,67.95604705810547,-12.351648330688477,45.440956115722656,1987,1916,2775,2702,1877,2124,100,100,0,0,300,0,116,-44,-196,-41,25,41,121,123,121,124,121,123,40,43,42,43,41,44,16,8,88,2,3,2
3.1761,,95,-20.30769157409668,9.802197456359863,12.175824165344238,67.6043930053711,-12.175824165344238,45.440956115722656,1991,1916,2775,2702,1885,2124,100,0,0,0,250,0,97,-48,-196,-41,25,41,121,123,121,124,121,123,40,43,42,43,41,44,15,6,88,2,8,2
3.2096,,96,-20.30769157409668,9.802197456359863,12.175824165344238,67.07691955566406,-12.175824165344238,45.440956115722656,1996,1916,2775,2702,1892,2124,150,0,0,0,200,0,90,-48,-203,-55,76,41,121,123,121,124,121,123,40,43,42,43,41,44,16,7,94,5,4,1
3.2429,,97,-20.395605087280273,9.89011001586914,12.175824165344238,66.72527313232422,-12.087912559509277,45.36621856689453,2000,1916,2775,2700,1898,2124,150,0,0,0,150,0,79,-48,-203,-77,62,41,121,123,122,124,121,123,40,43,42,43,41,44,9,6,93,9,3,1
3.2764,,98,-20.395605087280273,10.065934181213379,12.175824165344238,66.02198028564453,-12.087912559509277,45.36621856689453,2002,1916,2775,2696,1901,2124,50,0,0,-150,150,0,65,-41,-203,48,48,37,121,123,122,124,121,123,40,43,42,43,41,44,8,4,93,8,1,1
3.3098,,99,-20.395605087280273,10.329669952392578,12.175824165344238,64.96703338623047,-12.0,45.36621856689453,2004,1916,2775,2692,1903,2124,100,0,0,-100,100,0,58,-34,-203,-112,37,37,121,123,122,124,121,123,40,43,42,43,41,44,8,2,92,7,0,1
3.3432,,100,-20.30769157409668,10.593406677246094,12.175824165344238,64.0879135131836,-12.0,45.36621856689453,2004,1917,2775,2685,1905,2124,0,0,0,-150,50,0,58,-30,-203,-47,37,37,121,123,122,124,121,123,40,43,42,43,41,44,8,1,92,10,1,1
3.3766,,101,-20.30769157409668,11.120879173278809,12.175824165344238,63.56044006347656,-12.0,45.36621856689453,2004,1921,2775,2678,1907,2124,0,100,0,-250,50,0,62,-30,-203,-130,30,37,121,123,122,124,121,123,40,43,42,43,41,44,9,0,92,9,0,1
3.41,,102,-20.30769157409668,11.472527503967285,12.087912559509277,63.38461685180664,-12.0,45.36621856689453,2004,1926,2775,2669,1908,2124,0,150,0,-250,50,0,62,28,-203,16,27,37,121,123,122,124,121,123,40,43,42,43,41,44,10,1,92,5,0,1
3.4434,,103,-20.30769157409668,11.736263275146484,11.736263275146484,63.29670333862305,-12.0,45.36621856689453,2004,1931,2775,2662,1908,2124,0,200,0,-200,0,0,62,-27,-203,-83,27,37,121,123,121,124,121,123,40,43,42,43,41,44,10,2,92,4,0,0
3.4769,,104,-20.30769157409668,12.175824165344238,11.296703338623047,63.29670333862305,-11.912087440490723,45.36621856689453,2004,1935,2775,2657,1908,2124,0,100,0,-150,0,0,62,-34,-221,-76,27,37,121,123,121,124,121,123,40,43,42,43,41,44,10,4,122,2,0,2
3.5103,,105,-20.30769157409668,12.615385055541992,10.505494117736816,63.29670333862305,-11.912087440490723,45.36621856689453,2004,1939,2772,2654,1910,2124,0,100,-100,-100,50,0,62,-30,-139,-62,27,37,121,123,121,124,121,123,40,43,42,43,41,44,10,19,103,4,1,1
3.5436,,106,-20.21977996826172,13.582417488098145,9.714285850524902,63.29670333862305,-11.912087440490723,45.36621856689453,2004,1943,2765,2652,1910,2124,0,150,-150,-50,50,0,62,30,-251,-55,23,37,121,123,121,124,121,123,40,43,42,43,41,44,9,5,100,2,0,1
3.577,,107,-19.956043243408203,14.461538314819336,9.01098918914795,63.29670333862305,-11.824175834655762,45.36621856689453,2004,1950,2758,2651,1910,2124,0,150,-250,-50,0,0,65,-115,-261,-48,23,37,121,123,122,124,121,123,40,43,42,43,41,44,10,1,68,3,0,0
3.6105,,108,-19.69230842590332,15.516483306884766,8.483516693115234,63.29670333862305,-11.736263275146484,45.36621856689453,2004,1961,2750,2650,1910,2124,0,250,-250,0,0,0,76,0,-262,-44,23,37,121,123,122,124,121,123,40,43,42,43,41,44,15,0,87,2,0,0
3.644,,109,-19.604394912719727,16.571428298950195,7.956043720245361,63.29670333862305,-11.560439109802246,45.36621856689453,2004,1972,2742,2650,1910,2124,0,400,-250,0,0,0,86,0,-150,-44,30,37,121,123,121,124,121,123,40,43,42,43,41,44,18,0,84,3,0,0
3.6774,,110,-19.604394912719727,17.450550079345703,7.516483306884766,63.29670333862305,-10.94505500793457,45.291481018066406,2004,1983,2737,2650,1911,2124,0,350,-200,0,0,0,90,0,-243,-44,34,37,121,123,121,124,121,123,40,43,42,43,41,44,20,2,105,4,1,1
3.7108,,111,-19.604394912719727,17.9780216217041,7.4285712242126465,63.29670333862305,-10.329669952392578,45.291481018066406,2004,1996,2730,2650,1913,2124,0,350,-200,0,50,0,90,0,-165,-44,68,34,121,123,121,124,121,123,40,43,42,43,41,44,21,0,92,4,3,0
3.7443,,112,-19.516483306884766,18.153846740722656,7.4285712242126465,63.29670333862305,-9.978021621704102,45.291481018066406,2005,2006,2724,2650,1917,2124,0,300,-150,0,150,0,86,-29,-220,-44,84,34,121,123,121,124,120,123,40,43,42,43,41,44,17,21,54,3,5,0
3.7777,,113,-19.516483306884766,18.329669952392578,7.340659141540527,63.29670333862305,-9.89011001586914,45.291481018066406,2006,2012,2721,2650,1922,2124,0,150,-150,0,150,0,86,-44,-203,-44,62,34,121,123,121,124,120,123,40,43,42,43,41,44,19,8,72,4,2,0
3.8111,,114,-19.428571701049805,18.329669952392578,7.340659141540527,63.29670333862305,-9.802197456359863,45.291481018066406,2008,2014,2719,2650,1926,2124,50,100,-100,0,100,0,-37,-51,-199,-44,48,34,121,123,121,124,120,123,40,43,42,43,41,44,10,6,87,4,0,0
3.8445,,115,-19.340660095214844,18.329669952392578,7.340659141540527,63.29670333862305,-9.802197456359863,45.291481018066406,2009,2015,2717,2650,1929,2124,50,0,-50,0,100,0,83,-55,-192,-44,41,34,121,123,121,124,120,123,40,43,42,43,41,44,7,7,81,4,2,1
3.8779,,116,-19.16483497619629,18.329669952392578,7.340659141540527,63.29670333862305,-9.802197456359863,45.291481018066406,2010,2015,2717,2649,1931,2124,0,0,0,-50,50,0,83,-55,-192,-41,37,34,121,123,121,124,121,123,40,43,42,43,41,44,16,6,83,3,0,0
3.9113,,117,-18.989011764526367,18.329669952392578,7.340659141540527,63.29670333862305,-9.362637519836426,45.216739654541016,2011,2015,2717,2649,1933,2124,50,0,0,0,50,0,83,-55,-192,-41,30,34,121,123,122,124,121,123,40,43,42,43,41,44,16,6,83,3,1,0
3.9447,,118,-18.72527503967285,18.329669952392578,7.340659141540527,63.29670333862305,-8.219779968261719,45.216739654541016,2012,2015,2717,2649,1935,2124,0,0,0,0,50,0,86,-55,-192,-41,34,30,121,123,121,124,121,123,40,43,42,43,41,44,18,7,83,3,0,0
3.9782,,119,-18.285715103149414,18.329669952392578,7.4285712242126465,63.29670333862305,-7.164834976196289,44.917789459228516,2013,2015,2717,2649,1938,2124,0,0,0,0,50,0,93,-55,-192,-41,-20,30,121,123,122,124,121,123,40,43,42,43,41,44,16,6,84,3,6,0
4.0116,,120,-17.758241653442383,18.329669952392578,7.4285712242126465,63.29670333862305,-6.637362480163574,43.946189880371094,2016,2015,2717,2649,1945,2124,100,0,0,0,200,0,115,-55,-189,-41,125,0,121,123,121,124,121,123,40,43,42,43,41,44,23,6,81,3,6,0
4.045,,121,-17.05494499206543,18.329669952392578,7.4285712242126465,63.29670333862305,-6.549450397491455,42.451419830322266,2020,2015,2717,2649,1954,2124,150,0,0,0,250,0,123,-55,-189,-41,98,-98,121,123,121,124,121,123,40,43,42,43,41,44,24,7,80,3,1,10
4.0785,,122,-16.52747344970703,18.41758155822754,7.4285712242126465,63.29670333862305,-6.549450397491455,40.65769958496094,2025,2015,2717,2649,1960,2122,100,0,0,0,200,-50,136,-55,-189,-41,65,-172,121,123,121,124,121,123,40,43,42,43,41,44,32,5,81,3,2,27
4.1119,,123,-16.439559936523438,18.41758155822754,7.4285712242126465,63.29670333862305,-6.549450397491455,38.863975524902344,2030,2015,2717,2649,1964,2110,150,0,0,0,100,-350,122,-51,-189,-41,48,-239,121,123,121,124,120,123,40,43,42,43,41,44,26,5,80,3,1,31
4.1454,,124,-16.439559936523438,18.41758155822754,7.4285712242126465,63.29670333862305,-6.549450397491455,37.593421936035156,2035,2015,2717,2649,1967,2092,150,0,0,0,100,-450,108,-51,-189,-41,37,-273,121,123,122,124,120,123,40,43,42,43,41,44,22,5,80,2,1,28
4.1789,,125,-16.439559936523438,18.41758155822754,7.4285712242126465,63.29670333862305,-6.549450397491455,36.9207763671875,2039,2015,2717,2649,1969,2072,100,0,0,0,50,-600,97,-51,-189,-41,30,-187,121,123,121,124,120,123,40,43,42,43,41,44,21,4,81,2,0,25
4.2124,,126,-16.703296661376953,18.41758155822754,7.4285712242126465,63.29670333862305,-6.549450397491455,36.77130126953125,2041,2015,2717,2649,1971,2052,100,0,0,0,100,-650,86,-51,-189,-41,23,-127,121,123,122,124,121,123,40,43,42,43,41,44,16,5,80,3,0,6
4.2458,,127,-16.703296661376953,18.41758155822754,7.4285712242126465,63.29670333862305,-6.989010810852051,36.77130126953125,2042,2015,2717,2649,1971,2037,50,0,0,0,0,-450,72,-51,-189,-41,23,-87,121,123,122,124,121,123,40,43,42,43,41,44,12,4,80,3,0,5
4.2792,,128,-16.703296661376953,18.329669952392578,7.4285712242126465,63.47252655029297,-7.252747058868408,36.248130798339844,2042,2015,2717,2649,1971,2026,0,0,0,0,0,-300,72,-51,-189,-41,-27,-40,121,123,122,124,121,123,40,43,42,43,41,44,13,4,82,2,1,5
4.3126,,129,-16.791208267211914,18.329669952392578,7.4285712242126465,63.56044006347656,-7.252747058868408,33.55754852294922,2042,2015,2717,2649,1971,2017,0,0,0,0,0,-250,72,-55,-189,-34,-37,-139,121,123,122,124,121,123,40,43,42,43,41,44,13,6,81,1,1,4
4.346,,130,-16.879121780395508,18.241758346557617,7.4285712242126465,63.56044006347656,-7.252747058868408,27.428998947143555,2042,2015,2717,2649,1971,2008,0,0,0,0,0,-300,69,-55,-189,-30,-37,-197,121,123,122,124,121,123,40,43,42,43,41,44,12,6,82,1,1,27
4.3794,,131,-16.96703338623047,18.241758346557617,7.4285712242126465,63.56044006347656,-7.4285712242126465,18.236173629760742,2042,2015,2717,2649,1971,1992,0,0,0,0,0,-350,65,-55,-189,-30,-37,-293,121,123,121,124,120,123,40,43,42,43,41,44,10,5,81,0,2,35
4.4128,,132,-17.14285659790039,18.241758346557617,7.164834976196289,63.38461685180664,-6.549450397491455,6.5769805908203125,2042,2015,2717,2649,1971,1962,0,0,0,0,0,-750,62,-55,-189,-30,-44,-448,121,123,121,124,120,122,40,43,42,43,41,44,10,5,80,0,3,100
4.4462,,133,-17.318681716918945,18.241758346557617,6.901098728179932,63.56044006347656,-5.846153736114502,0.1494768261909485,2042,2015,2717,2649,1971,1920,0,0,0,0,0,-1250,55,-55,-199,-37,108,-500,121,123,121,123,120,122,40,43,42,43,41,44,7,5,90,1,3,91
4.4796,,134,-17.406593322753906,18.153846740722656,6.989010810852051,63.82417678833008,-5.670329570770264,3.064275026321411,2042,2015,2717,2649,1972,1875,0,0,0,0,0,-1400,48,-55,-210,-30,70,-500,121,123,121,124,120,122,40,43,42,43,41,44,5,5,99,0,7,62
4.513,,135,-17.406593322753906,18.153846740722656,7.07692289352417,63.912086486816406,-6.109889984130859,3.7369208335876465,2042,2015,2717,2649,1975,1825,0,0,0,0,100,-1450,44,-58,-206,0,48,-500,121,123,121,124,120,122,40,43,42,43,41,44,4,8,96,0,2,69
4.5464,,136,-17.406593322753906,18.329669952392578,7.07692289352417,63.912086486816406,-6.461538314819336,2.0926756858825684,2042,2015,2717,2649,1976,1775,0,0,0,0,100,-1450,44,-58,-203,0,18,-500,121,123,121,124,120,122,40,43,42,43,41,44,4,7,92,0,1,67
4.5798,,137,-17.406593322753906,18.329669952392578,7.164834976196289,63.912086486816406,-6.989010810852051,2.3168909549713135,2042,2015,2717,2649,1976,1728,0,0,0,0,0,-1450,44,-55,-203,0,-23,-500,121,123,121,124,120,123,40,43,42,43,41,44,5,6,92,0,0,64
4.6132,,138,-17.406593322753906,18.329669952392578,7.164834976196289,63.912086486816406,-7.604395389556885,2.391629219055176,2042,2015,2717,2649,1976,1680,0,0,0,0,0,-1450,44,-55,-199,0,-44,-500,121,123,121,124,120,123,40,43,42,43,41,44,4,6,88,0,5,64
4.6466,,139,-17.14285659790039,18.329669952392578,7.07692289352417,63.912086486816406,-8.131868362426758,2.391629219055176,2043,2015,2717,2649,1976,1653,50,0,0,0,0,-800,44,-55,-199,0,-88,-500,121,123,121,123,120,122,40,43,42,43,41,44,5,5,89,0,12,153
4.68,,140,-17.14285659790039,18.241758346557617,6.989010810852051,63.912086486816406,-8.659340858459473,2.391629219055176,2043,2015,2717,2649,1973,1648,0,0,0,0,-50,-400,51,-55,-203,0,-102,-500,120,122,120,122,119,121,40,43,42,43,41,44,6,5,90,0,18,412
4.7134,,141,-17.14285659790039,18.241758346557617,6.989010810852051,63.912086486816406,-8.659340858459473,2.391629219055176,2043,2015,2717,2649,1969,1648,0,0,0,0,-150,0,51,-55,-206,0,-100,-500,120,122,119,122,118,120,40,43,42,43,41,44,6,5,94,0,6,461
4.7468,,142,-17.230770111083984,18.241758346557617,6.989010810852051,63.912086486816406,-8.659340858459473,2.391629219055176,2043,2015,2717,2649,1965,1648,0,0,0,0,-100,0,51,-55,-206,0,-79,-500,119,121,119,122,118,120,40,43,42,43,41,44,6,5,92,0,9,478
4.7802,,143,-17.318681716918945,18.241758346557617,6.989010810852051,63.912086486816406,-8.747252464294434,2.391629219055176,2043,2015,2717,2649,1963,1648,0,0,0,0,-100,0,48,-55,-206,0,-69,-500,119,121,119,121,118,120,40,43,42,43,41,44,5,5,92,0,6,478
4.8136,,144,-17.318681716918945,18.153846740722656,6.989010810852051,64.0,-8.747252464294434,2.391629219055176,2043,2015,2717,2649,1961,1648,0,0,0,0,-50,0,44,-55,-206,0,-65,-500,119,121,119,121,118,120,40,43,42,43,41,44,4,4,92,0,3,479
4.847,,145,-17.318681716918945,17.9780216217041,6.989010810852051,64.0,-8.747252464294434,2.391629219055176,2043,2015,2717,2649,1961,1648,0,0,0,0,-50,0,44,-58,-206,0,-62,-500,119,121,119,121,118,120,40,43,42,43,41,44,4,6,92,0,7,478
4.8805,,146,-17.230770111083984,17.89011001586914,6.989010810852051,64.0,-8.747252464294434,2.391629219055176,2043,2015,2717,2649,1961,1648,0,0,0,0,0,0,44,-69,-206,0,-62,-500,119,121,119,122,118,120,40,43,42,43,41,44,4,11,93,0,8,478
4.9139,,147,-17.230770111083984,17.714284896850586,6.989010810852051,64.0,-8.747252464294434,2.391629219055176,2043,2015,2717,2649,1961,1648,0,0,0,0,0,0,48,-69,-206,0,-62,-500,119,121,119,121,118,120,40,43,42,43,41,44,5,10,93,0,8,478
4.9473,,148,-17.230770111083984,17.626373291015625,7.07692289352417,64.0,-8.747252464294434,2.391629219055176,2043,2015,2717,2649,1961,1648,0,0,0,0,0,0,48,-80,-206,0,-62,-500,119,121,119,122,118,120,40,43,42,43,41,44,6,15,92,0,8,477
4.9807,,149,-17.230770111083984,17.538461685180664,7.07692289352417,64.0,-8.747252464294434,2.391629219055176,2043,2015,2717,2649,1961,1648,0,0,0,0,0,0,48,-83,-203,0,-62,-500,119,121,119,122,118,120,40,43,42,43,41,44,4,16,92,0,8,477
5.0141,,150,-17.230770111083984,17.450550079345703,7.07692289352417,64.0879135131836,-8.659340858459473,2.391629219055176,2043,2015,2717,2649,1961,1648,0,0,0,0,0,0,48,-83,-203,0,-62,-500,119,121,119,122,118,120,40,43,42,43,41,44,4,16,91,0,8,477
5.0475,,151,-17.230770111083984,17.36263656616211,7.07692289352417,64.0879135131836,-8.571428298950195,2.391629219055176,2043,2015,2717,2649,1961,1648,0,0,0,0,0,0,48,-86,-203,23,-62,-500,119,121,119,121,118,120,40,43,42,43,41,44,4,18,91,0,8,477
5.081,,152,-17.230770111083984,17.27472496032715,7.07692289352417,64.0879135131836,-8.483516693115234,2.391629219055176,2043,2015,2717,2649,1961,1648,0,0,0,0,0,0,48,-93,-203,23,-55,-500,119,121,119,121,118,120,40,43,42,43,41,44,4,21,92,0,6,477
5.1144,,153,-17.14285659790039,17.098901748657227,7.07692289352417,64.0879135131836,-8.483516693115234,2.391629219055176,2043,2015,2717,2649,1961,1648,0,0,0,0,0,0,48,-97,-203,23,-55,-500,119,121,119,121,118,120,40,43,42,43,41,44,5,21,91,0,5,476
5.1479,,154,-17.05494499206543,17.098901748657227,7.07692289352417,64.0879135131836,-8.483516693115234,2.391629219055176,2043,2015,2717,2649,1961,1648,0,0,0,0,0,0,51,-101,-203,23,-55,-500,119,121,119,122,118,120,40,43,42,43,41,44,6,22,91,0,5,476
5.1813,,155,-17.05494499206543,17.098901748657227,7.07692289352417,64.0879135131836,-8.483516693115234,2.391629219055176,2043,2015,2717,2649,1961,1648,0,0,0,0,0,0,55,-101,-203,23,-55,-500,119,121,119,122,118,120,40,43,42,43,41,44,8,22,91,0,5,476
5.2147,,156,-17.05494499206543,17.098901748657227,7.07692289352417,64.0879135131836,-8.483516693115234,2.391629219055176,2043,2015,2717,2649,1961,1648,0,0,0,0,0,0,55,-101,-203,23,-55,-500,120,121,119,122,118,120,40,43,42,43,41,44,8,22,91,0,5,475
5.2481,,157,-17.05494499206543,17.098901748657227,7.07692289352417,64.0879135131836,-8.483516693115234,2.391629219055176,2043,2015,2717,2649,1961,1648,0,0,0,0,0,0,55,-101,-203,23,-55,-500,120,121,119,122,118,120,40,43,42,43,41,44,8,22,91,0,6,475
5.2815,,158,-17.05494499206543,17.098901748657227,7.07692289352417,64.0879135131836,-8.483516693115234,2.391629219055176,2043,2015,2717,2649,1961,1648,0,0,0,0,0,0,55,-101,-203,23,-55,-500,120,121,119,122,118,120,40,43,42,43,41,44,8,22,91,0,6,474
5.3149,,159,-17.14285659790039,17.098901748657227,7.07692289352417,64.0879135131836,-8.483516693115234,2.391629219055176,2043,2015,2717,2649,1961,1648,0,0,0,0,0,0,55,-101,-203,23,-55,-500,120,121,119,122,118,120,40,43,42,43,41,44,8,23,91,0,5,475
5.3483,,160,-17.14285659790039,17.098901748657227,7.07692289352417,64.0879135131836,-8.483516693115234,2.391629219055176,2043,2015,2717,2649,1961,1648,0,0,0,0,0,0,51,-101,-203,23,-55,-500,120,121,119,122,118,120,40,43,42,43,41,44,6,22,91,0,6,474
5.3818,,161,-17.05494499206543,17.098901748657227,7.07692289352417,64.0879135131836,-8.483516693115234,2.391629219055176,2043,2015,2717,2649,1961,1648,0,0,0,0,0,0,51,-101,-203,23,-55,-500,120,121,119,122,118,120,40,43,42,43,41,44,7,22,91,0,5,474
5.4153,,162,-17.05494499206543,17.098901748657227,7.07692289352417,64.0879135131836,-8.483516693115234,2.391629219055176,2043,2015,2717,2649,1961,1648,0,0,0,0,0,0,55,-101,-203,23,-55,-500,120,122,119,122,118,120,40,43,42,43,41,44,8,22,91,0,5,473
5.4487,,163,-17.05494499206543,17.010988235473633,7.07692289352417,64.0879135131836,-8.483516693115234,2.391629219055176,2043,2015,2717,2649,1961,1648,0,0,0,0,0,0,55,-101,-203,23,-55,-500,120,122,119,122,118,120,40,43,42,43,41,44,7,22,90,0,6,474
5.4822,,164,-16.96703338623047,17.010988235473633,7.07692289352417,64.0879135131836,-8.483516693115234,2.391629219055176,2043,2015,2717,2649,1961,1648,0,0,0,0,0,0,55,-108,-203,23,-55,-500,120,122,119,122,118,120,40,43,42,43,41,44,8,25,90,0,5,474
5.5157,,165,-16.96703338623047,17.010988235473633,7.07692289352417,64.0879135131836,-8.483516693115234,2.391629219055176,2043,2015,2717,2649,1961,1648,0,0,0,0,0,0,58,-108,-203,23,-55,-500,120,122,119,122,118,120,40,43,42,43,41,44,8,24,91,0,6,474
5.5491,,166,-16.96703338623047,17.010988235473633,7.07692289352417,64.0879135131836,-8.395604133605957,2.391629219055176,2043,2015,2717,2649,1961,1648,0,0,0,0,0,0,58,-108,-203,23,-55,-500,120,122,120,122,118,120,40,43,42,43,41,44,8,24,91,0,7,473
5.5826,,167,-16.879121780395508,17.010988235473633,7.07692289352417,64.0879135131836,-8.395604133605957,2.391629219055176,2043,2015,2717,2649,1961,1648,0,0,0,0,0,0,58,-108,-203,23,-48,-500,120,122,120,122,118,120,40,43,42,43,41,44,8,24,91,0,4,473
5.616,,168,-16.879121780395508,17.010988235473633,7.07692289352417,64.0879135131836,-8.395604133605957,2.391629219055176,2043,2015,2717,2649,1961,1648,0,0,0,0,0,0,62,-108,-203,23,-48,-500,120,122,120,122,118,120,40,43,42,43,41,44,9,24,91,0,4,473
5.6495,,169,-16.791208267211914,17.010988235473633,7.07692289352417,64.0879135131836,-8.307692527770996,2.391629219055176,2043,2015,2717,2649,1961,1648,0,0,0,0,0,0,62,-108,-203,23,-48,-500,120,122,120,122,118,120,40,43,42,43,41,44,9,25,91,0,4,472
5.6829,,170,-16.703296661376953,17.010988235473633,7.07692289352417,64.0879135131836,-8.307692527770996,2.391629219055176,2043,2015,2717,2649,1961,1648,0,0,0,0,0,0,65,-108,-203,23,-48,-500,120,122,120,122,118,120,40,43,42,43,41,44,11,25,91,0,4,473
5.7163,,171,-16.703296661376953,17.010988235473633,7.07692289352417,64.0879135131836,-8.307692527770996,2.391629219055176,2043,2015,2717,2649,1961,1648,0,0,0,0,0,0,69,-108,-203,23,-48,-500,120,122,120,122,118,120,40,43,42,43,41,44,12,25,91,0,4,473
5.7497,,172,-16.703296661376953,16.923076629638672,7.07692289352417,64.0879135131836,-8.219779968261719,2.391629219055176,2043,2015,2717,2649,1961,1648,0,0,0,0,0,0,69,-108,-203,23,-48,-500,120,122,120,122,118,120,40,43,42,43,41,44,11,24,90,0,4,472
5.7831,,173,-16.791208267211914,16.923076629638672,7.07692289352417,64.0879135131836,-8.219779968261719,2.391629219055176,2043,2015,2717,2649,1961,1648,0,0,0,0,0,0,69,-111,-203,23,-41,-500,120,122,120,122,118,120,40,43,42,43,41,44,11,26,91,0,3,472
5.8165,,174,-16.791208267211914,16.923076629638672,7.07692289352417,64.0879135131836,-8.131868362426758,2.391629219055176,2043,2015,2717,2649,1961,1648,0,0,0,0,0,0,65,-111,-203,23,-41,-500,120,122,120,122,118,120,40,43,42,43,41,44,10,27,91,0,4,472
5.8499,,175,-16.879121780395508,16.923076629638672,7.07692289352417,64.0879135131836,-8.131868362426758,2.391629219055176,2043,2015,2717,2649,1961,1648,0,0,0,0,0,0,65,-111,-203,23,-41,-500,120,122,120,122,118,120,40,43,42,43,41,44,11,27,91,0,3,471
5.8833,,176,-16.879121780395508,16.923076629638672,7.07692289352417,64.0879135131836,-8.131868362426758,2.391629219055176,2043,2015,2717,2649,1961,1648,0,0,0,0,0,0,62,-111,-203,23,-41,-500,120,122,120,122,118,120,40,43,42,43,41,44,9,26,91,0,3,471
5.9167,,177,-16.879121780395508,16.923076629638672,7.07692289352417,64.0879135131836,-8.131868362426758,2.391629219055176,2043,2015,2717,2649,1961,1648,0,0,0,0,0,0,62,-111,-203,23,-41,-500,120,122,120,122,118,120,40,43,42,43,41,44,10,26,91,0,2,471
5.9501,,178,-16.879121780395508,16.923076629638672,7.07692289352417,64.0879135131836,-8.131868362426758,2.391629219055176,2043,2015,2717,2649,1961,1648,0,0,0,0,0,0,62,-111,-203,23,-41,-500,120,122,120,122,118,120,40,43,42,43,41,44,10,27,91,0,3,471
5.9836,,179,-16.879121780395508,16.923076629638672,7.07692289352417,64.0879135131836,-8.04395580291748,2.391629219055176,2043,2015,2717,2649,1961,1648,0,0,0,0,0,0,62,-111,-203,23,-41,-500,120,122,120,122,118,120,40,43,42,43,41,44,9,26,91,0,2,470
6.017,,180,-16.879121780395508,16.923076629638672,7.07692289352417,64.0879135131836,-8.04395580291748,2.391629219055176,2043,2015,2717,2649,1961,1648,0,0,0,0,0,0,62,-111,-203,23,-34,-500,120,122,120,122,118,120,40,43,42,43,41,44,10,27,91,0,2,470
6.0504,,181,-16.879121780395508,16.923076629638672,7.07692289352417,64.0879135131836,-8.04395580291748,2.391629219055176,2043,2015,2717,2649,1961,1648,0,0,0,0,0,0,62,-111,-203,23,-34,-500,120,122,120,122,118,120,40,43,42,43,41,44,10,27,91,0,1,470
6.0839,,182,-16.879121780395508,16.923076629638672,7.07692289352417,64.0879135131836,-8.04395580291748,2.391629219055176,2043,2015,2717,2649,1961,1648,0,0,0,0,0,0,62,-111,-203,23,-34,-500,120,122,120,122,118,120,40,43,42,43,41,44,9,26,91,0,1,470
6.1174,,183,-16.879121780395508,16.923076629638672,7.07692289352417,64.0879135131836,-8.04395580291748,2.391629219055176,2043,2015,2717,2649,1961,1648,0,0,0,0,0,0,62,-111,-203,23,-34,-500,120,122,120,122,118,120,40,43,42,43,41,44,9,27,91,0,1,469
6.1509,,184,-16.879121780395508,16.923076629638672,7.07692289352417,64.0879135131836,-8.04395580291748,2.391629219055176,2043,2015,2717,2649,1961,1648,0,0,0,0,0,0,62,-111,-203,23,-34,-500,120,122,120,122,118,120,40,43,42,43,41,44,9,27,91,0,1,469
6.1843,,185,-16.791208267211914,16.923076629638672,7.07692289352417,64.0879135131836,-8.04395580291748,2.391629219055176,2043,2015,2717,2649,1961,1648,0,0,0,0,0,0,62,-111,-203,23,-34,-500,120,122,120,122,118,120,40,43,42,43,41,44,10,26,91,0,1,469
6.2177,,186,-16.791208267211914,16.83516502380371,7.07692289352417,64.0879135131836,-8.04395580291748,2.391629219055176,2043,2015,2717,2649,1961,1648,0,0,0,0,0,0,65,-111,-203,23,-34,-500,120,122,120,122,118,120,40,43,42,43,41,44,10,27,91,0,0,469
6.2511,,187,-16.703296661376953,16.131868362426758,7.07692289352417,64.0879135131836,-8.04395580291748,2.391629219055176,2043,2015,2717,2649,1961,1648,0,0,0,0,0,0,65,-111,-203,23,-34,-500,120,122,120,122,118,120,40,43,42,43,41,44,10,27,91,0,1,469
6.2846,,188,-16.439559936523438,15.076923370361328,7.164834976196289,64.17582702636719,-7.956043720245361,2.391629219055176,2043,2015,2717,2649,1961,1648,0,0,0,0,0,0,69,-154,-203,23,-34,-500,120,122,120,122,118,120,40,43,42,43,41,44,12,48,91,0,1,467
6.318,,189,-16.351648330688477,13.84615421295166,7.07692289352417,65.4945068359375,-7.956043720245361,2.391629219055176,2043,2015,2717,2649,1961,1652,0,0,0,0,0,150,79,-200,-199,27,-30,-100,120,123,120,123,119,122,40,43,42,43,41,44,17,79,89,0,0,92
6.3514,,190,-16.351648330688477,12.263736724853516,6.901098728179932,67.07691955566406,-7.868131637573242,2.391629219055176,2043,2015,2717,2650,1961,1657,0,0,0,0,0,200,83,-257,-203,102,-30,-100,121,123,121,123,120,122,40,43,42,43,41,44,15,121,92,12,0,45
6.3848,,191,-16.351648330688477,10.15384578704834,6.901098728179932,68.30769348144531,-7.868131637573242,2.391629219055176,2043,2015,2717,2657,1960,1658,0,0,0,150,0,50,83,-321,-210,53,-23,-100,121,123,121,124,120,122,40,43,42,43,41,44,17,176,99,16,0,28
6.4183,,192,-16.351648330688477,7.780219554901123,6.989010810852051,69.53845977783203,-7.868131637573242,2.391629219055176,2044,2008,2717,2668,1960,1659,50,-150,0,300,0,50,79,-391,-210,165,-23,-100,121,123,121,124,120,122,40,43,42,43,41,44,16,231,98,8,0,24
6.4516,,193,-16.351648330688477,5.406593322753906,6.901098728179932,71.12088012695312,-7.780219554901123,2.466367721557617,2044,1998,2717,2680,1961,1659,0,-350,0,350,0,0,79,-447,-206,168,-111,-100,121,123,121,124,120,123,40,43,42,43,41,44,17,239,95,13,0,22
6.4851,,194,-16.263736724853516,2.857142925262451,6.901098728179932,72.35164642333984,-7.692307472229004,2.466367721557617,2044,1981,2717,2694,1961,1659,0,-400,0,400,50,0,79,-483,-210,98,-23,-100,121,123,121,124,120,122,40,43,42,43,41,44,16,235,99,7,0,22
6.5185,,195,-16.175825119018555,0.21978022158145905,6.901098728179932,73.67032623291016,-7.07692289352417,2.466367721557617,2044,1960,2717,2707,1961,1659,0,-600,0,400,0,0,83,-438,-210,88,0,-100,121,123,121,124,120,122,40,43,42,43,41,44,17,228,98,8,0,22
6.5519,,196,-16.0,-1.9780219793319702,6.989010810852051,74.989013671875,-5.846153736114502,2.466367721557617,2044,1935,2717,2722,1961,1659,0,-700,0,400,0,0,86,-456,-210,174,53,-100,121,123,121,124,120,123,40,43,42,43,41,44,18,250,98,7,2,21
6.5855,,197,-15.912087440490723,-3.912087917327881,6.989010810852051,76.30769348144531,-4.703296661376953,2.466367721557617,2044,1910,2717,2737,1964,1659,0,-750,0,450,50,0,93,-454,-206,193,105,-100,121,123,121,124,120,123,40,43,42,43,41,44,21,188,94,12,6,21
6.6189,,198,-15.824175834655762,-6.02197790145874,6.989010810852051,77.45054626464844,-3.8241758346557617,2.466367721557617,2045,1883,2717,2753,1972,1659,50,-750,0,400,150,0,93,-430,-206,189,114,-100,121,123,121,124,120,123,40,43,42,43,41,44,19,196,94,8,9,22
6.6524,,199,-15.296703338623047,-7.956043720245361,6.989010810852051,78.5054931640625,-3.2087912559509277,2.466367721557617,2046,1855,2717,2769,1982,1659,0,-800,0,500,300,0,97,-408,-206,166,96,-100,121,123,121,124,120,123,40,43,42,43,41,44,22,188,95,3,3,22
6.6859,,200,-14.15384578704834,-9.450549125671387,6.989010810852051,79.29669952392578,-2.5934066772460938,2.466367721557617,2048,1827,2717,2783,1991,1659,50,-850,0,400,300,0,125,-415,-206,65,112,-100,121,123,121,124,120,123,40,43,42,43,41,44,28,173,96,1,2,22
6.7194,,201,-13.09890079498291,-10.94505500793457,6.901098728179932,79.64835357666016,-2.153846263885498,2.466367721557617,2051,1804,2717,2796,1997,1659,100,-750,0,400,150,0,172,-380,-206,32,19,-100,121,123,121,124,120,123,40,43,42,43,41,44,29,128,95,1,6,22
6.7529,,202,-11.692307472229004,-12.351648330688477,6.901098728179932,79.73626708984375,-1.5384615659713745,2.466367721557617,2058,1780,2717,2807,2006,1659,150,-750,0,350,250,0,180,-351,-210,106,81,-100,121,123,121,124,120,123,40,43,42,43,41,44,37,125,99,0,1,22
6.7863,,203,-9.758241653442383,-13.230769157409668,6.901098728179932,79.73626708984375,-0.7472527623176575,2.466367721557617,2066,1757,2717,2814,2012,1659,250,-700,0,250,200,0,211,-399,-210,-45,85,-100,121,123,121,124,120,123,40,43,42,43,41,44,53,97,98,0,4,22
6.8197,,204,-7.736263751983643,-13.758241653442383,6.8131866455078125,79.73626708984375,0.3076923191547394,2.466367721557617,2079,1737,2717,2819,2018,1659,300,-650,0,150,200,0,260,-383,-210,55,118,-100,121,123,121,124,120,123,40,43,42,43,41,44,63,92,98,0,8,22
6.8531,,205,-5.714285850524902,-14.285714149475098,6.8131866455078125,79.73626708984375,1.5384615659713745,2.466367721557617,2094,1720,2717,2823,2027,1659,450,-550,0,150,250,0,204,-238,-213,41,136,-100,121,123,121,124,120,123,40,43,42,43,41,44,65,82,100,0,6,23
6.8865,,206,-3.5164835453033447,-14.461538314819336,6.8131866455078125,79.73626708984375,2.9450550079345703,2.466367721557617,2112,1705,2717,2825,2038,1659,450,-450,0,100,250,0,307,-287,-213,34,146,-100,121,123,122,124,121,123,40,43,42,43,41,44,46,71,100,0,7,22
6.92,,207,-1.3186813592910767,-14.461538314819336,6.725274562835693,79.64835357666016,4.087912082672119,2.466367721557617,2131,1694,2717,2827,2050,1659,550,-350,0,50,350,0,321,-153,-213,27,156,-100,121,123,122,124,121,123,40,43,42,43,41,44,42,76,102,0,8,22
6.9534,,208,0.4395604431629181,-14.461538314819336,6.285714149475098,79.56044006347656,5.318681240081787,2.466367721557617,2153,1686,2717,2827,2062,1659,650,-250,0,50,400,0,240,-210,-217,0,137,-100,121,123,122,124,121,123,40,43,42,43,41,44,36,65,106,0,5,22
6.9868,,209,2.2857143878936768,-13.670330047607422,5.318681240081787,79.56044006347656,6.373626232147217,2.466367721557617,2176,1681,2717,2828,2075,1659,700,-150,0,0,350,0,250,-196,-247,0,85,-100,121,123,121,124,121,123,40,43,42,43,41,44,52,58,141,0,10,23
7.0201,,210,3.8681318759918213,-13.05494499206543,4.263736248016357,79.56044006347656,6.901098728179932,2.466367721557617,2197,1679,2713,2828,2088,1659,650,-100,-50,0,400,0,240,-135,-291,0,72,-100,121,124,121,124,121,123,40,43,42,43,41,44,56,46,112,0,9,23
7.0536,,211,5.450549602508545,-12.0,3.1208791732788086,79.56044006347656,7.4285712242126465,2.466367721557617,2220,1679,2707,2828,2100,1659,700,0,-150,0,350,0,305,-111,-218,0,114,-100,121,124,122,124,121,123,40,43,42,43,41,44,33,31,119,0,1,22
7.087,,212,6.857142925262451,-11.032966613769531,1.890109896659851,79.56044006347656,7.868131637573242,2.466367721557617,2241,1679,2699,2828,2110,1659,600,0,-250,0,350,0,201,-62,-315,0,96,-100,121,124,122,124,121,123,40,43,42,43,41,44,45,13,103,0,2,22
7.1204,,213,8.263736724853516,-9.714285850524902,0.7472527623176575,79.56044006347656,8.04395580291748,2.466367721557617,2260,1679,2689,2828,2118,1659,600,0,-250,0,250,0,211,-34,-242,0,79,-100,121,124,122,124,121,123,40,43,42,43,41,44,60,4,124,0,0,22
7.1538,,214,9.84615421295166,-7.956043720245361,-0.7472527623176575,79.56044006347656,8.04395580291748,2.466367721557617,2278,1680,2678,2828,2124,1659,550,0,-350,0,150,0,197,0,-354,0,-48,-100,121,124,122,124,121,123,40,43,42,43,41,44,48,1,141,0,0,23
7.1872,,215,11.076923370361328,-5.670329570770264,-2.3296704292297363,79.56044006347656,8.04395580291748,2.466367721557617,2296,1687,2665,2828,2129,1659,550,100,-350,0,200,0,193,117,-370,0,51,-100,121,124,122,124,121,123,40,43,42,43,41,44,42,4,134,0,0,22
7.2206,,216,12.131868362426758,-3.0329670906066895,-3.912087917327881,79.56044006347656,8.04395580291748,2.466367721557617,2314,1700,2649,2828,2132,1659,550,350,-450,0,100,0,170,77,-288,0,41,-100,121,124,122,124,121,123,40,43,42,43,41,44,36,1,120,0,0,22
7.2541,,217,13.09890079498291,-0.5714285969734192,-5.758241653442383,79.56044006347656,8.04395580291748,2.466367721557617,2329,1719,2632,2828,2134,1659,500,500,-500,0,100,0,230,113,-375,0,30,-100,121,124,122,124,121,123,40,43,42,43,41,44,33,0,125,0,0,23
7.2875,,218,13.89011001586914,2.241758346557617,-7.340659141540527,79.56044006347656,8.04395580291748,2.466367721557617,2345,1741,2616,2828,2136,1659,450,700,-500,0,100,0,151,148,-405,0,23,-100,121,124,122,124,121,123,40,43,42,43,41,44,36,0,155,0,0,22
7.3209,,219,14.241758346557617,4.9670329093933105,-8.835165023803711,79.56044006347656,8.04395580291748,2.466367721557617,2360,1769,2599,2828,2137,1659,450,750,-500,0,0,0,210,163,-317,0,23,-100,121,124,122,124,121,123,40,43,42,43,41,44,14,0,135,0,0,22
7.3543,,220,14.505494117736816,7.4285712242126465,-10.241758346557617,79.56044006347656,8.04395580291748,2.466367721557617,2371,1800,2581,2828,2137,1659,400,900,-550,0,0,0,157,157,-313,0,0,-100,121,124,122,124,121,123,40,43,42,43,41,44,20,0,130,0,0,22
7.3877,collision,221,14.593406677246094,9.714285850524902,-11.560439109802246,79.56044006347656,7.956043720245361,2.466367721557617,2381,1831,2563,2828,2137,1659,300,950,-500,0,0,0,132,140,-299,0,0,-100,122,124,122,125,121,123,40,43,42,43,41,44,22,0,126,0,0,22
7.4211,,222,14.593406677246094,11.648351669311523,-12.615385055541992,79.47252655029297,7.868131637573242,2.466367721557617,2388,1864,2546,2828,2137,1659,250,950,-500,0,0,0,108,113,-365,0,0,-100,122,124,122,125,121,123,40,43,42,43,41,44,11,0,129,0,0,22
7.4545,,223,15.032966613769531,13.318681716918945,-13.582417488098145,79.38461303710938,7.868131637573242,2.466367721557617,2393,1896,2531,2828,2137,1659,150,950,-450,0,0,0,-23,108,-379,-23,0,-100,122,124,122,125,121,123,40,43,42,43,41,44,12,0,136,0,0,23
7.4879,,224,15.384614944458008,14.725275039672852,-14.637362480163574,79.29669952392578,7.868131637573242,2.466367721557617,2396,1926,2517,2828,2138,1659,150,900,-450,0,0,0,18,64,-266,-27,0,-100,122,124,122,125,121,123,40,43,42,43,41,44,15,0,111,0,0,23
7.5213,,225,15.560439109802246,16.043956756591797,-15.604395866394043,79.29669952392578,7.868131637573242,2.466367721557617,2397,1950,2504,2828,2137,1659,50,800,-350,0,0,0,108,19,-349,-30,0,-100,122,124,122,125,121,123,40,43,42,43,41,44,23,5,114,0,0,23
7.5548,,226,16.0,17.450550079345703,-16.483516693115234,79.29669952392578,7.868131637573242,2.466367721557617,2396,1968,2490,2828,2135,1659,0,550,-400,0,-50,0,118,83,-246,-30,0,-100,122,124,122,125,121,123,40,43,42,43,41,44,33,1,113,1,0,23
7.5882,,227,16.175825119018555,18.681318283081055,-17.36263656616211,79.29669952392578,7.868131637573242,2.466367721557617,2393,1982,2478,2829,2134,1659,-50,400,-400,0,0,0,155,85,-230,-34,23,-100,121,124,122,125,121,123,40,43,42,43,41,44,49,0,124,1,0,22
7.6216,,228,16.175825119018555,20.0,-18.153846740722656,79.20879364013672,7.868131637573242,2.466367721557617,2392,1994,2466,2829,2134,1659,-50,350,-350,0,-50,0,157,104,-328,-34,23,-100,121,124,122,124,121,123,40,43,42,43,41,44,56,0,107,2,0,23
7.655,,229,16.263736724853516,21.318681716918945,-18.85714340209961,79.20879364013672,7.868131637573242,2.466367721557617,2391,2006,2456,2829,2134,1659,-50,350,-350,0,0,0,160,116,-322,-37,23,-100,121,124,122,124,121,123,40,43,42,43,41,44,59,0,95,2,0,22
7.6884,,230,16.263736724853516,22.549449920654297,-19.560440063476562,79.12088012695312,7.868131637573242,2.466367721557617,2391,2020,2446,2830,2134,1659,0,400,-300,0,0,0,164,28,-215,-41,23,-100,121,124,122,124,121,123,40,43,42,43,41,44,63,0,124,1,0,22
7.7218,,231,16.351648330688477,23.956043243408203,-20.351648330688477,79.12088012695312,7.868131637573242,2.466367721557617,2391,2035,2438,2831,2134,1659,0,400,-250,0,0,0,164,99,-300,-133,23,-100,121,124,122,124,121,123,40,43,42,43,41,44,62,0,110,4,0,23
7.7552,,232,16.703296661376953,25.27472496032715,-21.05494499206543,79.12088012695312,7.868131637573242,2.466367721557617,2392,2047,2432,2832,2134,1659,50,400,-200,50,0,0,164,46,-323,-48,23,-100,121,124,122,124,121,123,40,43,42,43,41,44,63,1,138,4,0,23
7.7886,,233,16.96703338623047,26.593406677246094,-21.846153259277344,79.12088012695312,7.780219554901123,2.466367721557617,2392,2061,2425,2832,2132,1659,0,450,-150,50,-50,0,179,48,-323,-51,23,-100,121,124,122,124,121,123,40,43,42,43,41,44,75,0,168,4,8,23
7.822,,234,17.05494499206543,27.736263275146484,-22.63736343383789,78.94505310058594,7.692307472229004,2.466367721557617,2390,2076,2419,2832,2129,1659,-50,450,-200,0,-100,0,280,133,-247,-51,37,-100,121,123,122,124,121,123,40,43,42,43,41,44,90,0,140,4,1,22
7.8554,,235,17.406593322753906,29.14285659790039,-23.340660095214844,78.94505310058594,7.692307472229004,2.466367721557617,2389,2091,2411,2832,2127,1659,0,450,-250,0,0,0,203,22,-245,-58,41,-100,121,123,122,124,121,123,40,43,42,43,41,44,93,0,162,8,2,22
7.8888,,236,17.670330047607422,30.461538314819336,-24.131868362426758,78.94505310058594,7.516483306884766,2.466367721557617,2389,2104,2402,2832,2127,1659,0,350,-250,0,0,0,217,123,-318,-58,41,-100,121,123,122,124,120,123,40,43,42,43,41,44,106,0,165,7,2,22
7.9222,,237,17.758241653442383,31.78022003173828,-24.83516502380371,78.85713958740234,7.340659141540527,2.466367721557617,2389,2116,2395,2833,2127,1659,0,350,-200,0,0,0,227,63,-353,-62,34,-100,121,123,121,124,120,123,40,43,42,43,41,44,115,5,170,8,1,22
7.9556,,238,17.846153259277344,33.36263656616211,-25.714284896850586,78.85713958740234,7.252747058868408,2.5411062240600586,2389,2127,2386,2833,2127,1659,0,350,-250,0,0,0,231,73,-340,-65,27,-100,121,123,121,124,120,123,40,43,42,43,41,44,116,1,168,10,0,23
7.9891,,239,17.846153259277344,34.769229888916016,-26.241758346557617,78.85713958740234,7.252747058868408,2.5411062240600586,2389,2141,2380,2834,2127,1659,0,400,-250,0,0,0,234,168,-348,-65,23,-100,121,123,121,124,120,123,40,43,42,43,41,44,120,2,188,10,0,23
8.0225,,240,17.846153259277344,35.82417678833008,-26.593406677246094,78.85713958740234,7.164834976196289,2.5411062240600586,2389,2156,2374,2834,2127,1659,0,450,-150,0,0,0,234,80,-330,-69,23,-100,121,123,121,124,120,123,40,43,42,43,41,44,119,6,200,11,0,23
8.0558,,241,17.846153259277344,36.61538314819336,-26.681318283081055,78.85713958740234,7.164834976196289,2.5411062240600586,2388,2171,2367,2834,2127,1659,0,450,-200,0,0,0,238,60,-319,-69,0,-100,121,123,121,124,120,123,40,43,42,43,41,44,127,2,171,10,0,22
8.0892,,242,17.846153259277344,37.230770111083984,-26.769229888916016,78.76923370361328,7.252747058868408,2.5411062240600586,2388,2184,2361,2834,2126,1659,0,450,-200,0,-50,0,238,55,-301,-69,23,-100,121,123,121,124,120,123,40,43,42,43,41,44,124,1,154,11,0,23
8.1227,,243,17.846153259277344,37.758243560791016,-26.769229888916016,78.76923370361328,7.252747058868408,2.5411062240600586,2388,2195,2356,2834,2126,1659,0,300,-150,0,0,0,238,129,-287,-72,27,-100,121,123,121,124,120,123,40,43,42,43,41,44,123,0,139,12,0,22
8.1561,,244,17.846153259277344,38.10988998413086,-26.769229888916016,78.76923370361328,7.252747058868408,2.5411062240600586,2388,2205,2351,2834,2126,1659,0,300,-150,0,0,0,238,94,-269,-72,27,-100,121,123,121,124,120,123,40,43,42,43,41,44,122,1,155,12,0,22
8.1895,,245,17.846153259277344,38.46154022216797,-26.769229888916016,78.76923370361328,7.164834976196289,2.5411062240600586,2387,2213,2346,2833,2126,1659,0,200,-150,0,0,0,326,-45,-164,-72,27,-100,121,123,121,124,121,123,40,43,42,43,41,44,123,2,116,11,0,22
8.2229,,246,17.846153259277344,38.81318664550781,-26.769229888916016,78.76923370361328,7.164834976196289,2.6905829906463623,2387,2219,2341,2833,2126,1659,-50,200,-150,0,0,0,241,88,-238,-69,23,-100,121,123,121,124,121,123,40,43,42,43,41,44,126,1,72,10,0,22
8.2563,,247,17.846153259277344,38.901100158691406,-26.769229888916016,78.76923370361328,7.07692289352417,2.9147982597351074,2386,2225,2336,2833,2125,1659,0,200,-150,0,-50,0,241,62,-220,-69,27,-100,121,124,122,124,121,123,40,43,42,43,41,44,125,1,79,10,0,23
8.2897,,248,17.846153259277344,38.901100158691406,-26.769229888916016,78.76923370361328,7.07692289352417,3.662182331085205,2386,2230,2333,2832,2125,1659,-50,150,-100,0,0,0,245,51,-206,-65,23,-100,121,124,122,124,121,123,40,43,42,43,41,44,129,0,84,10,0,23
8.3231,,249,17.846153259277344,38.901100158691406,-26.769229888916016,78.76923370361328,7.07692289352417,5.829596519470215,2385,2233,2330,2832,2124,1659,0,100,-100,0,0,0,248,37,-196,-65,27,-100,121,123,122,124,121,123,40,43,42,43,41,44,132,1,67,9,0,22
8.3565,,250,17.846153259277344,38.81318664550781,-26.769229888916016,78.85713958740234,6.989010810852051,9.865470886230469,2385,2236,2329,2832,2124,1659,0,100,-100,0,0,0,248,27,-189,-65,27,-100,121,124,122,124,121,123,40,43,42,43,41,44,154,0,79,9,0,23
8.3899,,251,17.846153259277344,38.81318664550781,-26.681318283081055,79.03296661376953,6.901098728179932,15.844544410705566,2384,2237,2328,2832,2124,1659,-50,50,0,0,0,0,252,0,-185,-62,23,-100,121,124,122,124,121,123,40,43,42,43,41,44,142,0,77,9,0,22
8.4233,,252,17.846153259277344,38.81318664550781,-26.593406677246094,79.12088012695312,6.109889984130859,22.645740509033203,2383,2237,2328,2832,2124,1659,0,0,0,0,0,0,255,0,-181,-55,0,-56,121,124,122,124,121,123,40,43,42,43,41,44,141,0,75,6,0,23
8.4567,,253,17.846153259277344,38.81318664550781,-26.593406677246094,79.20879364013672,5.05494499206543,29.820627212524414,2383,2237,2328,2832,2123,1663,0,0,0,0,0,0,255,0,-181,-51,-62,194,121,124,122,124,121,123,40,43,42,43,41,44,159,0,74,5,2,13
8.4902,,254,17.934066772460938,38.81318664550781,-26.593406677246094,79.20879364013672,4.439560413360596,36.32286834716797,2383,2237,2328,2832,2119,1680,0,0,0,0,-100,450,255,0,-181,-48,-89,399,121,123,122,124,121,123,40,43,42,43,41,44,175,0,74,4,4,84
8.5237,,255,18.19780158996582,38.63736343383789,-26.593406677246094,79.20879364013672,4.703296661376953,41.40508270263672,2383,2237,2328,2832,2114,1716,0,0,0,0,-150,500,259,0,-181,-48,-99,500,121,123,121,124,120,123,40,43,42,43,41,44,184,0,74,4,8,85
8.5571,,256,18.285715103149414,38.46154022216797,-26.593406677246094,79.29669952392578,4.703296661376953,45.59043502807617,2383,2237,2328,2832,2110,1761,0,0,0,0,-150,1300,269,0,-181,-48,66,500,121,123,121,124,120,123,40,43,42,43,41,44,178,0,74,4,1,69
8.5906,,257,18.549449920654297,38.373626708984375,-26.593406677246094,79.29669952392578,4.703296661376953,48.2810173034668,2383,2237,2328,2832,2108,1810,0,0,0,0,-100,1450,273,-27,-181,-44,-44,500,121,123,121,124,120,123,40,43,42,43,41,44,169,0,74,4,2,67
8.624,,258,18.813186645507812,38.19780349731445,-26.593406677246094,79.38461303710938,4.703296661376953,49.25261688232422,2383,2237,2328,2832,2106,1857,0,0,0,0,-50,1400,284,-30,-181,-44,-37,500,121,123,121,124,120,123,40,43,42,43,41,44,170,0,74,4,0,67
8.6574,,259,19.076923370361328,37.93406677246094,-26.593406677246094,79.38461303710938,4.703296661376953,49.25261688232422,2383,2237,2328,2832,2106,1904,0,0,0,0,0,1400,294,-37,-181,-41,-37,500,121,123,121,124,120,123,40,43,42,43,41,44,182,1,75,3,2,64
8.6908,,260,19.516483306884766,37.758243560791016,-26.593406677246094,79.38461303710938,4.791208744049072,49.25261688232422,2383,2237,2327,2832,2106,1952,0,0,-50,0,0,1450,305,-48,-178,-41,-37,500,121,123,121,124,120,123,40,43,42,43,41,44,194,5,73,3,1,68
8.7243,,261,19.868131637573242,36.879119873046875,-26.593406677246094,79.47252655029297,4.879120826721191,49.25261688232422,2383,2237,2327,2831,2105,2001,0,0,0,-50,-50,1450,328,-55,-178,-37,-30,500,121,123,121,124,120,123,40,43,42,43,41,44,216,6,71,1,1,69
8.7576,,262,20.043956756591797,36.0,-26.505495071411133,79.56044006347656,5.05494499206543,49.25261688232422,2383,2237,2327,2831,2105,2045,0,0,0,0,0,1400,336,-116,-178,-34,-27,406,121,123,121,124,120,123,40,43,42,43,41,44,230,21,71,1,0,60
8.791,,263,20.483516693115234,34.94505310058594,-26.41758155822754,79.9120864868164,5.142857074737549,49.40209197998047,2383,2235,2327,2831,2105,2086,0,-50,0,0,0,1250,343,-125,-174,-30,0,333,121,123,121,124,120,123,40,43,42,43,41,44,236,25,69,0,0,9
8.8244,,264,20.83516502380371,33.4505500793457,-26.41758155822754,81.23076629638672,5.230769157409668,49.551570892333984,2383,2233,2327,2831,2105,2116,0,-100,0,0,0,1100,373,-179,-167,0,0,220,121,123,121,124,120,123,40,43,42,43,41,44,263,47,62,0,0,7
8.8578,,265,21.010988235473633,31.78022003173828,-26.505495071411133,82.989013671875,5.5824174880981445,49.701045989990234,2383,2228,2327,2833,2105,2136,0,-100,0,50,0,700,378,-229,-167,87,0,142,121,123,121,124,120,123,40,43,42,43,41,44,278,64,62,4,0,7
8.8913,,266,21.010988235473633,29.670330047607422,-26.505495071411133,84.92308044433594,6.8131866455078125,49.701045989990234,2382,2223,2327,2841,2105,2152,0,-150,0,150,0,500,386,-275,-174,128,34,90,121,123,121,124,120,123,40,43,42,43,41,44,286,99,70,8,1,6
8.9247,,267,20.83516502380371,27.648351669311523,-26.505495071411133,87.12088012695312,8.131868362426758,49.77578353881836,2382,2214,2327,2852,2106,2163,0,-250,0,300,0,300,386,-332,-174,183,105,146,121,123,121,123,120,122,40,43,42,43,41,44,286,107,69,10,13,5
8.9581,,268,20.659339904785156,25.450550079345703,-26.41758155822754,89.23076629638672,8.571428298950195,49.77578353881836,2382,2202,2327,2862,2112,2172,0,-300,0,350,100,200,379,-282,-174,229,139,118,120,123,121,123,120,122,40,43,42,43,41,44,274,141,69,11,6,13
8.9915,,269,20.395605087280273,23.428571701049805,-26.41758155822754,91.07691955566406,8.571428298950195,49.77578353881836,2382,2190,2327,2877,2120,2177,0,-400,0,350,250,200,372,-335,-167,176,26,97,120,123,121,123,120,122,40,43,42,43,41,44,264,163,63,25,4,2
9.0249,,270,20.043956756591797,21.846153259277344,-26.329669952392578,92.65933990478516,8.483516693115234,49.77578353881836,2382,2174,2326,2894,2127,2181,0,-450,0,500,200,100,361,-451,-164,182,83,79,120,122,121,123,120,122,40,43,42,43,41,44,250,198,61,40,0,6
9.0583,,271,19.604394912719727,20.439559936523438,-26.241758346557617,94.24176025390625,8.219779968261719,49.77578353881836,2382,2157,2326,2911,2131,2184,0,-500,0,500,150,100,347,-454,-160,293,65,69,120,122,121,123,120,122,40,43,42,43,41,44,232,244,58,48,1,8
9.0917,,272,18.72527503967285,19.208791732788086,-26.241758346557617,95.56044006347656,8.131868362426758,49.77578353881836,2382,2142,2326,2927,2133,2186,0,-450,0,450,100,50,329,-447,-160,296,41,65,120,122,120,123,120,122,40,43,42,43,41,44,211,241,58,66,2,2
9.1251,,273,17.846153259277344,18.065933227539062,-26.065933227539062,96.43955993652344,7.956043720245361,49.77578353881836,2382,2127,2326,2942,2135,2186,0,-500,0,450,50,50,281,-340,-160,201,34,62,120,122,121,123,120,122,40,43,42,43,41,44,175,253,58,58,1,8
9.1585,,274,17.05494499206543,16.659339904785156,-25.450550079345703,96.52747344970703,7.868131637573242,49.62630844116211,2383,2110,2326,2955,2137,2188,50,-450,0,450,50,50,236,-447,-149,257,0,55,120,123,121,123,120,122,40,43,42,43,41,44,135,231,50,66,0,4
9.1919,,275,16.08791160583496,14.813186645507812,-23.604394912719727,96.52747344970703,7.780219554901123,49.77578353881836,2383,2094,2326,2967,2137,2188,0,-450,0,350,50,0,205,-443,-117,206,0,44,121,123,121,123,120,122,40,43,42,43,41,44,119,211,35,71,0,3
9.2254,,276,15.032966613769531,12.351648330688477,-21.05494499206543,96.26373291015625,7.780219554901123,49.77578353881836,2384,2080,2326,2975,2137,2188,0,-500,0,250,0,0,167,-462,-39,181,-23,55,121,123,121,124,120,123,40,43,42,43,41,44,62,249,12,53,0,5
9.2588,,277,13.450549125671387,9.626373291015625,-18.593406677246094,96.0879135131836,7.780219554901123,49.77578353881836,2384,2064,2329,2981,2137,2188,0,-500,0,250,0,0,123,-412,102,146,-23,55,121,123,121,124,120,123,40,43,42,43,41,44,50,249,1,40,0,5
9.2922,,278,11.428571701049805,6.901098728179932,-15.95604419708252,96.0,7.780219554901123,49.77578353881836,2380,2043,2339,2984,2137,2188,-150,-600,300,100,0,0,56,-447,74,125,-23,55,121,123,121,124,120,123,40,43,42,43,41,44,51,259,8,33,0,4
9.3257,,279,9.142857551574707,3.6483516693115234,-13.318681716918945,95.82417297363281,7.780219554901123,49.77578353881836,2371,2021,2356,2985,2137,2188,-300,-700,500,50,0,0,-29,-491,219,118,-23,55,121,123,121,124,120,123,40,43,42,43,41,44,27,292,7,32,0,4
9.3591,,280,6.681318759918213,0.3076923191547394,-11.032966613769531,95.73626708984375,7.780219554901123,49.77578353881836,2357,1995,2377,2985,2137,2188,-350,-800,600,0,0,0,47,-521,164,111,-23,55,121,123,121,124,120,123,40,43,42,43,41,44,3,273,6,28,0,4
9.3926,,281,3.8681318759918213,-2.681318759918213,-9.09890079498291,95.73626708984375,7.692307472229004,49.77578353881836,2341,1968,2402,2985,2137,2188,-500,-800,700,0,0,0,-21,-552,172,108,-23,55,121,123,121,124,120,123,40,43,42,43,41,44,0,308,5,28,0,4
9.426,,282,1.1428571939468384,-5.934065818786621,-7.340659141540527,95.73626708984375,7.07692289352417,49.77578353881836,2317,1939,2428,2985,2137,2188,-600,-850,800,0,0,0,-45,-571,152,108,-27,55,121,123,121,124,120,123,40,43,42,43,41,44,0,310,1,28,0,4
9.4594,,283,-1.0549451112747192,-8.923076629638672,-5.934065818786621,95.64835357666016,5.670329570770264,49.77578353881836,2291,1908,2454,2985,2137,2188,-750,-900,800,0,0,0,-82,-605,240,108,-71,55,121,123,121,124,120,123,40,43,42,43,41,44,0,357,0,28,6,4
9.4928,,284,-3.076923131942749,-11.384614944458008,-5.05494499206543,95.56044006347656,4.351648330688477,49.85052490234375,2264,1874,2482,2986,2137,2188,-800,-1000,800,50,0,0,-79,-606,105,101,-128,55,121,123,121,124,120,123,40,43,42,43,41,44,0,349,0,25,28,5
9.5262,,285,-4.92307710647583,-13.318681716918945,-4.615384578704834,95.56044006347656,3.8241758346557617,49.85052490234375,2239,1839,2506,2986,2130,2188,-800,-1000,750,0,-50,0,-60,-584,39,97,-166,58,121,123,121,124,120,123,40,43,42,43,41,44,0,323,0,24,19,7
9.5596,,286,-6.4175825119018555,-15.076923370361328,-4.351648330688477,95.56044006347656,3.384615421295166,49.85052490234375,2213,1806,2523,2988,2121,2188,-750,-1050,600,50,-250,0,-123,-539,55,-27,-125,58,121,123,121,124,120,123,40,43,42,43,41,44,0,318,0,17,13,8
9.593,,287,-7.648351669311523,-16.571428298950195,-4.0,95.56044006347656,3.0329670906066895,49.85052490234375,2191,1774,2533,2993,2113,2188,-650,-950,300,100,-250,0,24,-488,27,76,-111,58,121,123,121,124,120,123,40,43,42,43,41,44,0,265,3,8,16,7
9.6264,,288,-8.527472496032715,-17.9780216217041,-3.7362637519836426,95.56044006347656,2.769230842590332,49.85052490234375,2176,1743,2542,2997,2105,2188,-500,-900,250,150,-250,0,-108,-468,0,58,-113,58,121,123,122,124,121,123,40,43,42,43,41,44,0,191,0,3,7,6
9.6598,,289,-9.230769157409668,-19.208791732788086,-3.5604395866394043,95.56044006347656,2.769230842590332,49.85052490234375,2164,1714,2547,3003,2099,2188,-400,-900,250,200,-200,0,-86,-411,-37,37,-93,58,121,124,122,124,121,123,40,43,42,43,41,44,4,182,4,1,3,7
9.6932,,290,-9.582417488098145,-20.439559936523438,-3.296703338623047,95.56044006347656,2.769230842590332,49.85052490234375,2156,1690,2548,3005,2095,2188,-250,-750,50,100,-150,0,-75,-362,-34,34,-76,58,121,124,122,124,121,123,40,43,42,43,41,44,1,158,1,0,3,6
9.7267,,291,-9.670330047607422,-22.0219783782959,-2.5934066772460938,95.56044006347656,2.769230842590332,49.85052490234375,2149,1666,2550,3006,2093,2188,-200,-750,0,0,-50,0,-55,-315,-27,27,-65,58,121,124,122,124,121,123,40,43,42,43,41,44,6,103,0,0,4,6
9.7601,,292,-9.934065818786621,-23.69230842590332,-1.890109896659851,95.47252655029297,2.769230842590332,49.85052490234375,2147,1643,2552,3008,2091,2188,-100,-650,50,50,-50,0,-48,-304,31,0,59,58,122,124,122,125,121,124,40,43,42,43,41,44,1,88,0,0,4,7
9.7935,,293,-10.373626708984375,-25.9780216217041,-0.3956044018268585,94.76923370361328,2.769230842590332,49.85052490234375,2145,1620,2559,3008,2089,2188,0,-750,200,0,-50,0,-55,-314,56,0,66,58,122,124,122,125,121,124,40,43,42,43,41,44,2,77,0,0,1,6
9.8269,,294,-10.461538314819336,-29.14285659790039,1.9780219793319702,93.45054626464844,2.769230842590332,49.85052490234375,2142,1596,2566,3008,2087,2188,-50,-700,200,0,-50,0,-65,-309,-22,-50,-44,58,122,124,122,125,121,124,40,43,42,43,41,44,6,79,0,3,3,6
9.8603,,295,-10.549450874328613,-33.010990142822266,5.05494499206543,91.42857360839844,2.769230842590332,49.62630844116211,2139,1571,2578,3006,2087,2188,-100,-750,300,-50,0,0,-51,-339,66,-120,-44,58,122,124,122,125,121,124,40,43,42,43,41,44,4,81,0,12,3,6
9.8937,,296,-10.98901081085205,-37.14285659790039,9.01098918914795,89.4065933227539,2.857142925262451,49.476829528808594,2135,1545,2596,2998,2087,2188,-100,-800,500,-150,0,0,-41,-386,121,-92,-44,43,122,124,122,125,121,124,40,43,42,43,41,44,4,98,0,31,4,3
9.9271,,297,-11.340659141540527,-41.626373291015625,13.494505882263184,87.64835357666016,3.1208791732788086,49.40209197998047,2131,1513,2618,2986,2087,2188,-100,-950,700,-300,0,0,-59,-443,184,-131,-41,37,122,124,122,125,121,123,40,43,42,43,41,44,3,120,0,21,3,1
9.9605,,298,-11.868131637573242,-46.021976470947266,18.153846740722656,85.89010620117188,3.1208791732788086,49.327354431152344,2128,1477,2647,2971,2087,2188,-100,-1050,800,-450,0,0,-53,-486,263,-139,-30,34,122,124,122,125,121,123,40,43,42,43,41,44,5,133,1,26,1,0
9.9939,,299,-12.395604133605957,-50.06593322753906,22.373626708984375,84.57142639160156,3.1208791732788086,49.25261688232422,2126,1436,2682,2954,2087,2188,-50,-1150,1000,-500,0,0,-68,-519,316,-169,-30,30,122,124,122,125,121,123,40,43,42,43,41,44,6,122,3,28,0,0
10.0274,,300,-12.395604133605957,-53.846153259277344,26.85714340209961,83.6043930053711,3.1208791732788086,49.25261688232422,2122,1394,2722,2936,2087,2188,-100,-1250,1100,-500,0,0,-69,-441,351,-242,-30,23,122,124,122,125,121,123,40,43,42,43,41,44,4,108,1,18,0,0
10.0608,,301,-12.483516693115234,-57.978023529052734,31.25274658203125,82.81318664550781,3.1208791732788086,49.25261688232422,2118,1348,2764,2920,2087,2188,-100,-1350,1250,-500,0,0,-55,-517,285,-121,-30,23,122,124,122,125,121,124,40,43,42,43,41,44,4,92,0,10,0,0
10.0942,,302,-12.483516693115234,-62.5494499206543,35.38461685180664,82.02198028564453,3.1208791732788086,49.25261688232422,2114,1300,2811,2905,2087,2188,-150,-1350,1400,-450,0,0,-48,-541,403,-89,-30,23,122,124,122,125,121,124,40,43,42,43,41,44,4,87,0,21,0,0
10.1276,,303,-12.483516693115234,-67.20879364013672,39.78022003173828,81.23076629638672,3.2087912559509277,49.25261688232422,2111,1254,2860,2892,2087,2188,-100,-1450,1400,-400,0,0,-34,-538,316,-72,-30,23,122,124,122,125,121,124,40,43,42,43,41,44,3,77,0,24,0,0
10.161,,304,-12.483516693115234,-72.74725341796875,44.0,80.79120635986328,3.296703338623047,49.177879333496094,2110,1204,2908,2881,2087,2188,-50,-1450,1500,-350,0,0,-30,-544,310,-173,-27,23,122,124,122,125,121,124,40,43,42,43,41,44,3,59,0,18,0,0
10.1944,,305,-12.483516693115234,-78.54945373535156,48.21977996826172,80.61538696289062,3.296703338623047,49.177879333496094,2110,1153,2958,2871,2087,2188,0,-1500,1500,-300,0,0,-30,-478,298,-50,-23,0,122,124,122,125,121,124,40,43,42,43,41,44,2,65,0,13,0,0
10.2278,,306,-11.868131637573242,-84.17582702636719,51.47252655029297,80.26373291015625,3.5604395866394043,49.177879333496094,2109,1099,3010,2863,2087,2188,-50,-1600,1500,-300,0,0,-27,-503,368,-19,-23,0,122,124,122,125,121,124,40,43,42,43,41,44,2,57,0,11,0,0
10.2612,,307,-10.813186645507812,-88.13186645507812,52.96703338623047,79.03296661376953,3.8241758346557617,49.1031379699707,2109,1046,3057,2857,2087,2188,0,-1650,1500,-150,0,0,46,-542,280,-97,0,0,122,124,122,125,122,124,40,43,42,43,41,44,3,83,0,8,0,0
10.2946,,308,-9.670330047607422,-91.03296661376953,53.4945068359375,78.5934066772461,4.0,49.1031379699707,2109,986,3106,2852,2087,2188,0,-1750,1450,-150,0,0,97,-522,276,-62,30,0,122,124,122,125,122,124,40,43,42,43,41,44,9,38,0,23,1,0
10.328,,309,-9.758241653442383,-91.9120864868164,53.67033004760742,78.5934066772461,4.0,49.02840042114258,2114,927,3147,2844,2087,2188,50,-1800,1400,-200,0,0,121,-463,120,-41,37,0,122,124,122,125,122,124,40,43,42,43,41,44,9,15,0,22,3,0
10.3614,,310,-10.021978378295898,-91.82417297363281,54.10988998413086,78.5934066772461,4.351648330688477,49.02840042114258,2121,874,3177,2839,2087,2188,200,-1650,1000,-200,0,0,72,-313,-30,-101,37,0,122,124,123,125,122,124,40,43,42,43,41,44,6,4,4,7,2,0
10.3948,,311,-10.549450874328613,-91.82417297363281,54.81318664550781,78.68132019042969,5.758241653442383,49.02840042114258,2125,825,3191,2836,2087,2188,100,-1600,500,-100,0,0,51,-144,66,-86,48,0,122,124,123,125,122,124,40,43,42,43,41,44,4,0,1,13,5,0
10.4282,,312,-11.428571701049805,-92.0,56.483516693115234,78.76923370361328,7.692307472229004,49.02840042114258,2125,792,3199,2834,2090,2188,100,-1000,200,-100,100,0,16,-100,71,-76,125,0,122,124,123,125,122,124,40,43,42,43,41,44,2,0,0,12,10,0
10.4617,,313,-11.428571701049805,-92.17582702636719,58.94505310058594,78.76923370361328,9.450549125671387,49.02840042114258,2125,771,3206,2833,2099,2188,0,-750,250,-50,200,0,-61,-101,124,-69,173,0,122,124,123,125,122,124,40,43,42,43,41,44,4,5,0,10,14,0
10.4951,,314,-11.252747535705566,-92.61538696289062,62.021976470947266,78.76923370361328,11.20879077911377,49.02840042114258,2123,760,3217,2832,2112,2188,-50,-350,300,0,350,0,-34,-65,180,-65,108,0,122,124,122,125,122,124,40,43,42,43,41,44,1,1,8,10,16,0
10.5285,,315,-11.428571701049805,-92.87911987304688,65.36264038085938,78.76923370361328,13.05494499206543,49.02840042114258,2123,754,3236,2832,2128,2188,0,-150,550,0,500,0,-27,-58,142,-65,118,0,122,124,122,125,122,124,40,43,42,43,41,44,2,2,7,10,15,0
10.5619,,316,-11.340659141540527,-92.87911987304688,68.61538696289062,78.5934066772461,14.637362480163574,49.02840042114258,2123,749,3261,2832,2145,2188,0,-150,650,0,450,0,-34,-55,288,-65,152,0,122,124,122,125,122,124,40,43,42,43,41,44,1,0,2,10,13,0
10.5953,,317,-11.076923370361328,-92.87911987304688,71.78022003173828,78.4175796508789,15.868131637573242,49.02840042114258,2122,745,3288,2832,2163,2188,0,-100,850,0,550,0,-27,-37,233,-72,232,0,122,124,122,125,122,124,40,43,42,43,41,44,0,0,2,15,18,0
10.6287,,318,-10.98901081085205,-92.87911987304688,73.97801971435547,78.06593322753906,16.483516693115234,49.02840042114258,2121,742,3320,2830,2181,2188,-50,-100,850,-50,550,0,0,-27,250,-72,121,0,122,124,122,125,122,124,40,43,42,43,41,44,0,1,6,11,9,0
10.6621,,319,-10.197802543640137,-92.87911987304688,74.4175796508789,77.71428680419922,16.483516693115234,49.02840042114258,2121,741,3355,2827,2198,2188,-50,-50,1000,-100,500,0,23,0,215,-79,154,0,122,124,123,125,122,124,40,43,42,43,41,44,1,0,1,6,2,0
10.6955,,320,-8.967033386230469,-92.87911987304688,74.4175796508789,77.71428680419922,16.483516693115234,49.551570892333984,2122,741,3388,2824,2209,2188,50,0,1000,-100,400,0,74,0,83,-79,33,0,122,124,123,125,122,124,40,43,42,43,41,44,10,0,0,6,2,0
10.7289,,321,-8.439560890197754,-92.96703338623047,74.4175796508789,77.71428680419922,16.395605087280273,49.77578353881836,2125,741,3413,2822,2217,2188,100,0,800,-50,200,0,119,0,-20,-72,86,52,122,124,123,125,122,124,40,43,42,43,41,44,14,0,8,9,4,4
10.7623,,322,-8.263736724853516,-92.96703338623047,74.68132019042969,77.62637329101562,15.95604419708252,49.77578353881836,2132,742,3427,2821,2221,2188,200,0,550,-50,200,0,90,-30,-83,-69,62,55,122,124,123,125,122,124,40,43,42,43,41,44,9,0,3,9,3,5
10.7957,,323,-8.263736724853516,-92.96703338623047,75.38461303710938,77.18681335449219,15.692307472229004,49.77578353881836,2138,741,3435,2820,2223,2188,150,0,250,-50,100,0,72,-27,0,-69,37,55,122,124,123,125,122,124,40,43,42,43,41,44,8,0,0,11,1,4
10.8291,,324,-8.263736724853516,-92.96703338623047,76.52747344970703,76.3956069946289,15.340659141540527,49.77578353881836,2141,741,3442,2819,2223,2188,100,0,200,0,0,0,62,-27,-110,-90,23,55,122,124,123,125,122,124,40,43,42,43,41,44,5,0,0,17,0,4
10.8625,,325,-8.263736724853516,-92.96703338623047,77.75823974609375,76.30769348144531,15.252747535705566,49.77578353881836,2145,741,3448,2816,2223,2188,100,0,200,-100,0,0,51,-27,127,-36,-30,55,122,124,123,125,122,124,40,43,42,43,41,44,4,0,0,21,0,4
10.8959,,326,-8.263736724853516,-92.96703338623047,79.07691955566406,76.30769348144531,15.252747535705566,49.85052490234375,2147,741,3457,2810,2223,2188,50,0,250,-200,0,0,44,-27,89,-86,-23,55,122,124,122,125,122,124,40,43,42,43,41,44,3,0,0,14,0,4
10.9293,,327,-8.263736724853516,-92.96703338623047,80.3956069946289,75.95604705810547,15.252747535705566,49.85052490234375,2148,741,3466,2807,2223,2188,50,0,250,-100,0,0,37,-27,19,-79,-23,58,122,124,123,125,122,124,40,43,42,43,41,44,3,0,0,12,0,7
10.9627,,328,-8.0,-92.96703338623047,81.53845977783203,74.72527313232422,15.252747535705566,49.85052490234375,2150,741,3479,2803,2223,2188,50,0,350,-100,0,0,34,-27,112,-81,-23,58,122,124,123,125,122,124,40,43,42,43,41,44,3,1,0,6,0,6
10.9961,,329,-7.0329670906066895,-92.96703338623047,83.03296661376953,74.02198028564453,15.428571701049805,49.85052490234375,2150,741,3494,2799,2223,2188,50,0,400,-100,0,0,41,-27,-29,-140,-23,58,122,124,123,125,122,124,40,43,42,43,41,44,5,0,0,9,0,5
11.0295,,330,-6.505494594573975,-92.96703338623047,84.70330047607422,73.84615325927734,15.340659141540527,49.85052490234375,2150,741,3508,2791,2223,2188,0,0,400,-200,0,0,105,-27,43,-118,0,58,122,124,123,125,122,124,40,43,42,43,41,44,14,0,0,7,0,6
11.0629,,331,-6.241758346557617,-93.14286041259766,86.28571319580078,73.23076629638672,15.252747535705566,49.85052490234375,2156,741,3523,2783,2223,2188,100,0,450,-250,0,0,83,-27,145,-93,-23,58,122,124,123,125,122,124,40,43,42,43,41,44,9,0,0,4,0,5
11.0963,,332,-6.241758346557617,-93.4065933227539,88.21977996826172,72.96703338623047,15.340659141540527,49.177879333496094,2161,741,3540,2778,2223,2188,150,0,500,-200,0,0,72,-34,51,-122,-23,58,122,124,123,125,122,124,40,43,42,43,41,44,5,2,0,0,0,5
11.1297,,333,-5.97802209854126,-93.93406677246094,88.48351287841797,72.96703338623047,15.252747535705566,49.25261688232422,2165,741,3560,2772,2223,2188,100,0,550,-200,0,0,58,-41,60,-90,-23,-37,122,124,123,125,122,124,40,43,42,43,41,44,5,1,0,10,0,1
11.1632,,334,-5.1868133544921875,-94.37362670898438,88.48351287841797,72.96703338623047,15.252747535705566,49.25261688232422,2168,736,3578,2768,2223,2188,100,-100,600,-150,0,0,62,-71,86,45,-23,23,122,124,123,125,122,124,40,43,42,43,41,44,6,3,9,5,0,0
11.1966,,335,-4.92307710647583,-94.63735961914062,88.48351287841797,72.96703338623047,15.252747535705566,49.177879333496094,2172,735,3591,2766,2223,2188,100,-50,450,-100,0,0,101,-71,23,-65,-23,23,122,124,122,125,122,124,40,43,42,43,41,44,12,4,3,10,0,0
11.23,,336,-4.92307710647583,-94.63735961914062,88.48351287841797,72.96703338623047,15.164834976196289,49.177879333496094,2177,733,3596,2764,2223,2188,150,50,250,-50,0,0,72,-65,-37,-58,-23,0,122,124,122,125,122,124,40,43,42,43,41,44,8,2,3,8,0,0
11.2634,,337,-4.747252941131592,-94.63735961914062,88.48351287841797,72.96703338623047,15.076923370361328,49.177879333496094,2180,728,3596,2764,2224,2188,100,-150,0,0,50,0,58,-44,-37,-58,-34,0,122,124,122,125,122,124,40,43,42,43,41,44,4,1,2,8,0,0
11.2968,,338,-4.659340858459473,-94.81318664550781,88.48351287841797,72.96703338623047,14.90109920501709,49.1031379699707,2183,721,3596,2764,2224,2188,50,-300,0,0,0,0,55,0,-37,-58,-34,0,122,124,122,125,122,124,40,43,42,43,41,44,6,0,2,6,1,0
11.3302,,339,-4.659340858459473,-95.25274658203125,88.57142639160156,72.96703338623047,13.84615421295166,49.1031379699707,2185,721,3596,2764,2224,2188,100,0,0,0,0,0,51,-27,-37,-58,-41,0,122,124,122,125,122,124,40,43,42,43,41,44,4,1,1,7,3,0
11.3636,,340,-4.5714287757873535,-95.69230651855469,88.65933990478516,72.96703338623047,12.175824165344238,49.1031379699707,2187,721,3596,2764,2223,2188,50,0,0,0,0,0,44,-51,-34,-58,-109,0,122,124,122,125,122,124,40,43,42,43,41,44,5,5,1,8,14,0
11.397,,341,-4.5714287757873535,-96.21977996826172,88.74725341796875,72.96703338623047,10.065934181213379,49.02840042114258,2189,718,3596,2764,2216,2188,50,-50,0,0,-200,0,44,-56,-30,-58,-155,0,122,124,122,125,122,124,40,43,42,43,41,44,4,1,0,7,24,0
11.4304,,342,-4.5714287757873535,-96.57142639160156,88.74725341796875,72.96703338623047,7.956043720245361,48.95366287231445,2189,713,3596,2764,2204,2188,0,-150,0,0,-300,0,41,59,-23,-58,-109,0,122,124,122,125,122,124,40,43,42,43,41,44,4,3,0,7,12,0
11.4638,,343,-4.659340858459473,-96.57142639160156,88.74725341796875,72.96703338623047,6.02197790145874,48.50522994995117,2190,709,3597,2764,2189,2188,0,-100,50,0,-450,0,37,-55,-27,-58,-243,-23,122,124,122,125,122,124,40,43,42,43,41,44,3,3,0,8,28,0
11.4972,,344,-4.747252941131592,-96.57142639160156,88.74725341796875,72.96703338623047,4.615384578704834,46.78624725341797,2191,706,3597,2764,2170,2188,0,-100,0,0,-550,0,30,-48,-27,-58,-173,-55,122,124,122,125,121,124,40,43,42,43,41,44,2,1,0,7,19,4
11.5306,,345,-4.835165023803711,-96.57142639160156,88.74725341796875,72.96703338623047,4.0,43.946189880371094,2191,703,3597,2764,2151,2187,50,-100,0,0,-550,0,27,-34,-27,-58,-238,-158,122,124,122,125,121,124,40,43,42,43,41,44,2,0,0,8,19,13
11.564,,346,-4.835165023803711,-96.57142639160156,88.74725341796875,72.96703338623047,3.912087917327881,39.088191986083984,2191,702,3597,2764,2133,2178,0,-50,0,0,-600,-200,23,-30,-27,-58,-164,-280,122,124,122,125,121,124,40,43,42,43,41,44,1,0,0,7,6,50
11.5974,,347,-4.92307710647583,-96.57142639160156,88.74725341796875,73.05494689941406,3.912087917327881,32.212257385253906,2191,701,3597,2764,2120,2157,0,-50,0,0,-400,-600,23,-27,-27,-58,-118,-305,122,124,122,125,121,124,40,43,42,43,41,44,1,1,0,8,2,65
11.6308,,348,-5.098901271820068,-96.57142639160156,88.74725341796875,73.05494689941406,3.912087917327881,24.51420021057129,2191,701,3597,2764,2112,2125,0,0,0,0,-250,-850,0,-27,-27,-55,-93,-487,122,124,122,125,121,124,40,43,42,43,41,44,0,1,0,5,5,91
11.6642,,349,-5.098901271820068,-96.57142639160156,88.74725341796875,73.05494689941406,3.912087917327881,15.47085189819336,2191,701,3597,2764,2107,2082,0,0,0,0,-100,-1300,0,-27,-27,-55,-72,-500,122,124,122,125,121,124,40,43,42,43,41,44,0,0,0,5,5,81
11.6976,,350,-4.92307710647583,-96.57142639160156,88.74725341796875,73.05494689941406,3.912087917327881,5.829596519470215,2191,701,3597,2764,2104,2036,0,0,0,0,-150,-1400,0,-27,-27,-55,-58,-500,122,124,122,125,121,124,40,43,42,43,41,44,0,1,0,5,3,73
11.7311,,351,-4.835165023803711,-96.57142639160156,88.74725341796875,73.05494689941406,3.7362637519836426,0.298953652381897,2191,701,3597,2764,2101,1986,0,0,0,0,-50,-1450,0,-27,-27,-55,-51,-500,122,124,122,125,121,124,40,43,42,43,41,44,0,1,0,5,2,66
11.7645,,352,-4.747252941131592,-96.57142639160156,88.74725341796875,73.14286041259766,3.7362637519836426,2.6905829906463623,2191,701,3597,2764,2099,1935,0,0,0,0,-100,-1500,23,-27,-27,-55,-48,-500,122,124,122,125,121,124,40,43,42,43,41,44,1,1,0,5,2,50
11.7979,,353,-4.747252941131592,-96.57142639160156,88.74725341796875,73.23076629638672,3.7362637519836426,5.680119514465332,2191,701,3597,2764,2097,1885,0,0,0,0,-50,-1500,27,-27,-27,-51,-44,-500,122,124,122,125,121,124,40,43,42,43,41,44,1,1,0,4,2,58
11.8313,,354,-4.747252941131592,-96.57142639160156,88.74725341796875,73.23076629638672,3.7362637519836426,6.053811550140381,2191,701,3597,2764,2096,1837,0,0,0,0,-50,-1500,27,-27,-27,-48,-37,-500,122,124,122,125,121,124,40,43,42,43,41,44,0,0,0,4,3,62
11.8647,,355,-4.747252941131592,-96.57142639160156,88.74725341796875,73.23076629638672,3.7362637519836426,5.9790730476379395,2191,701,3597,2764,2096,1787,0,0,0,0,0,-1500,27,-27,-27,-48,-37,-500,122,124,122,125,121,124,40,43,42,43,41,44,2,1,0,4,0,49
11.8981,,356,-4.747252941131592,-96.57142639160156,88.74725341796875,73.23076629638672,3.7362637519836426,5.9790730476379395,2191,701,3597,2764,2095,1737,0,0,0,0,-50,-1450,27,-27,-27,-48,-34,-500,122,124,122,125,121,124,40,43,42,43,41,44,1,1,0,4,1,57
11.9315,,357,-4.747252941131592,-96.57142639160156,88.74725341796875,73.23076629638672,3.7362637519836426,5.9790730476379395,2191,701,3597,2764,2095,1690,0,0,0,0,0,-1450,27,-27,-27,-48,-34,-500,122,124,122,125,121,124,40,43,42,43,41,44,1,2,0,4,1,68
11.965,,358,-4.659340858459473,-96.57142639160156,88.74725341796875,73.23076629638672,3.7362637519836426,5.9790730476379395,2191,701,3597,2764,2095,1640,0,0,0,0,0,-1400,27,-27,-27,-48,-34,-265,122,124,122,125,121,124,40,43,42,43,41,44,2,1,0,4,1,18
11.9984,,359,-4.659340858459473,-96.57142639160156,88.74725341796875,73.23076629638672,3.7362637519836426,5.9790730476379395,2191,701,3597,2764,2095,1604,0,0,0,0,0,-1250,30,-27,-27,-48,-34,-302,122,124,122,125,122,124,40,43,42,43,41,44,3,1,0,4,1,5
12.0318,,360,-4.659340858459473,-96.57142639160156,88.74725341796875,73.14286041259766,3.8241758346557617,5.9790730476379395,2191,701,3597,2764,2095,1579,0,0,0,0,0,-850,30,-27,-27,-48,-34,-245,122,124,123,125,122,124,40,43,42,43,41,44,2,1,0,4,0,8
12.0652,,361,-4.659340858459473,-96.57142639160156,88.74725341796875,73.14286041259766,3.8241758346557617,5.9790730476379395,2191,701,3597,2764,2095,1563,0,0,0,0,0,-600,30,-27,-27,-51,-30,-86,122,124,122,125,122,124,40,43,42,43,41,44,2,0,0,5,0,8
12.0986,,362,-4.659340858459473,-96.57142639160156,88.74725341796875,73.14286041259766,3.8241758346557617,5.9790730476379395,2191,701,3597,2764,2095,1551,0,0,0,0,0,-350,30,-27,-27,-51,-30,-129,122,124,122,125,122,124,40,43,42,43,41,44,3,0,0,4,0,3
12.132,,363,-4.659340858459473,-96.57142639160156,88.74725341796875,73.14286041259766,3.8241758346557617,5.9790730476379395,2191,701,3597,2764,2095,1544,0,0,0,0,0,-250,30,-27,-27,-51,-30,-101,122,124,122,125,122,124,40,43,42,43,41,44,2,1,0,4,0,3
12.1654,,364,-4.659340858459473,-96.57142639160156,88.74725341796875,73.14286041259766,3.8241758346557617,5.9790730476379395,2191,701,3597,2764,2095,1539,0,0,0,0,0,-150,30,-27,-27,-51,-30,-86,122,124,122,125,122,124,40,43,42,43,41,44,2,0,0,5,1,6
12.1989,,365,-4.659340858459473,-96.57142639160156,88.74725341796875,73.14286041259766,3.8241758346557617,5.9790730476379395,2191,701,3597,2764,2095,1537,0,0,0,0,0,-50,30,-27,-27,-51,-30,-72,122,124,122,125,122,124,40,43,42,43,41,44,3,1,0,4,0,7
12.2323,,366,-4.659340858459473,-96.57142639160156,88.74725341796875,73.14286041259766,3.8241758346557617,5.9790730476379395,2191,701,3597,2764,2095,1535,0,0,0,0,0,-100,30,-27,-27,-51,-30,-65,122,124,122,125,122,124,40,43,42,43,41,44,1,0,0,5,1,5
