t,marker,frame_idx,goal_pos.shoulder_pan,goal_pos.shoulder_lift,goal_pos.elbow_flex,goal_pos.wrist_flex,goal_pos.wrist_roll,goal_pos.gripper,pos.shoulder_pan,pos.shoulder_lift,pos.elbow_flex,pos.wrist_flex,pos.wrist_roll,pos.gripper,vel.shoulder_pan,vel.shoulder_lift,vel.elbow_flex,vel.wrist_flex,vel.wrist_roll,vel.gripper,load.shoulder_pan,load.shoulder_lift,load.elbow_flex,load.wrist_flex,load.wrist_roll,load.gripper,volt.shoulder_pan,volt.shoulder_lift,volt.elbow_flex,volt.wrist_flex,volt.wrist_roll,volt.gripper,temp.shoulder_pan,temp.shoulder_lift,temp.elbow_flex,temp.wrist_flex,temp.wrist_roll,temp.gripper,curr.shoulder_pan,curr.shoulder_lift,curr.elbow_flex,curr.wrist_flex,curr.wrist_roll,curr.gripper
5.0182,,150,-5.802197802197802,3.5164835164835164,-13.538461538461538,101.58241758241758,7.428571428571429,46.04370761115298,2168,1887,2436,3041,2128,2134,0,0,0,0,50,0,65,-199,-37,83,30,41,121,123,121,124,120,123,41,44,44,43,41,42,10,91,1,17,1,4
5.0517,,151,-5.802197802197802,3.5164835164835164,-13.538461538461538,101.58241758241758,7.428571428571429,46.04370761115298,2168,1887,2436,3041,2129,2134,0,0,0,0,0,0,65,-196,-37,83,27,41,121,123,121,124,120,123,41,44,44,43,41,42,11,87,1,18,0,4
5.0851,,152,-5.802197802197802,3.5164835164835164,-13.538461538461538,101.58241758241758,7.428571428571429,46.04370761115298,2168,1887,2436,3041,2129,2134,0,0,0,0,0,0,65,-196,-37,83,27,41,121,123,121,124,120,123,41,44,44,43,41,42,11,87,1,17,0,3
5.1186,,153,-5.802197802197802,3.5164835164835164,-13.538461538461538,101.58241758241758,7.516483516483516,46.04370761115298,2168,1887,2436,3041,2130,2134,0,0,0,0,50,0,65,-196,-37,83,23,41,121,123,121,124,120,123,41,44,44,43,41,42,10,87,1,18,0,4
5.1521,,154,-5.802197802197802,3.4285714285714284,-13.538461538461538,101.58241758241758,7.516483516483516,46.04370761115298,2168,1887,2436,3041,2130,2134,0,0,0,0,0,0,65,-196,-37,83,27,41,121,123,121,124,120,123,41,44,44,43,41,42,11,87,1,17,0,3
5.1855,,155,-5.802197802197802,3.4285714285714284,-13.538461538461538,101.58241758241758,7.6923076923076925,46.04370761115298,2168,1887,2436,3041,2130,2134,0,0,0,0,0,0,65,-199,-37,83,27,41,121,123,121,124,120,123,41,44,44,43,41,42,11,89,1,17,0,4
5.219,,156,-5.802197802197802,3.4285714285714284,-13.538461538461538,101.58241758241758,7.868131868131868,46.04370761115298,2168,1887,2436,3041,2130,2134,0,0,0,0,0,0,65,-199,-37,83,34,41,121,123,121,124,120,123,41,44,44,43,41,42,11,90,1,17,1,4
5.2523,,157,-5.802197802197802,3.4285714285714284,-13.538461538461538,101.58241758241758,7.868131868131868,46.04370761115298,2168,1887,2436,3041,2130,2134,0,0,0,0,0,0,65,-199,-37,83,41,41,121,123,121,124,120,123,41,44,44,43,41,42,11,90,1,17,3,4
5.2857,,158,-5.802197802197802,3.4285714285714284,-13.538461538461538,101.58241758241758,7.956043956043956,46.04370761115298,2168,1887,2436,3041,2130,2134,0,0,0,0,0,0,65,-199,-37,83,41,41,121,123,121,124,120,123,41,44,44,43,41,42,11,90,0,17,3,4
5.3191,,159,-5.802197802197802,3.4285714285714284,-13.538461538461538,101.58241758241758,7.956043956043956,46.04370761115298,2168,1887,2436,3041,2130,2134,0,0,0,0,0,0,65,-199,-37,83,44,41,121,123,121,124,120,123,41,44,44,43,41,42,11,90,1,17,4,4
5.3525,,160,-5.802197802197802,3.4285714285714284,-13.538461538461538,101.58241758241758,7.956043956043956,46.04370761115298,2168,1887,2436,3041,2130,2134,0,0,0,0,0,0,65,-199,-37,83,44,41,121,123,121,124,120,123,41,44,44,43,41,42,10,91,0,17,4,3
5.3859,,161,-5.802197802197802,3.4285714285714284,-13.538461538461538,101.58241758241758,7.956043956043956,46.04370761115298,2168,1887,2436,3041,2130,2134,0,0,0,0,0,0,65,-199,-37,83,44,41,121,123,121,124,120,123,41,44,44,43,41,42,11,90,1,17,4,4
5.4193,,162,-5.802197802197802,3.4285714285714284,-13.538461538461538,101.58241758241758,7.956043956043956,46.04370761115298,2168,1887,2436,3041,2130,2134,0,0,0,0,0,0,65,-199,-37,83,44,41,121,123,121,124,120,123,41,44,44,43,41,42,11,90,1,16,3,3
5.4529,,163,-5.802197802197802,3.5164835164835164,-13.538461538461538,101.58241758241758,7.956043956043956,46.04370761115298,2168,1887,2436,3041,2130,2134,0,0,0,0,0,0,65,-199,-37,83,44,41,121,123,121,124,120,123,41,44,44,43,41,42,11,91,1,17,4,3
5.4864,,164,-5.802197802197802,3.6043956043956045,-13.538461538461538,101.58241758241758,7.956043956043956,46.04370761115298,2168,1887,2436,3041,2130,2134,0,0,0,0,0,0,65,-196,-37,83,44,41,121,123,121,124,120,123,41,44,44,43,41,42,10,87,1,17,4,4
5.5198,,165,-5.802197802197802,3.6923076923076925,-13.538461538461538,101.58241758241758,7.956043956043956,46.04370761115298,2168,1887,2436,3041,2130,2134,0,0,0,0,0,0,65,-192,-37,83,44,41,121,123,121,124,120,123,41,44,44,43,41,42,11,84,1,17,4,4
5.5534,,166,-5.802197802197802,3.78021978021978,-13.538461538461538,101.58241758241758,7.956043956043956,46.04370761115298,2168,1887,2436,3041,2130,2134,0,0,0,0,0,0,65,-189,-37,83,44,41,121,123,121,124,120,123,41,44,44,43,41,42,11,81,1,18,4,4
5.5869,,167,-5.802197802197802,3.956043956043956,-13.538461538461538,101.58241758241758,7.956043956043956,46.04370761115298,2168,1887,2436,3041,2130,2134,0,0,0,0,0,0,65,-185,-37,83,44,41,121,123,121,124,121,123,41,44,44,43,41,42,11,77,2,17,3,4
5.6204,,168,-5.802197802197802,3.956043956043956,-13.538461538461538,101.58241758241758,7.956043956043956,46.04370761115298,2168,1887,2436,3041,2130,2134,0,0,0,0,0,0,65,-178,-37,83,44,41,121,123,121,124,121,123,41,44,44,43,41,42,11,71,2,18,4,4
5.6538,,169,-5.802197802197802,3.956043956043956,-13.538461538461538,101.58241758241758,7.956043956043956,46.04370761115298,2168,1887,2436,3041,2130,2134,0,0,0,0,0,0,65,-178,-37,83,44,41,121,123,122,124,121,123,41,44,44,43,41,42,11,74,1,17,4,4
5.6873,,170,-5.802197802197802,3.956043956043956,-13.538461538461538,101.58241758241758,7.956043956043956,46.04370761115298,2168,1887,2436,3041,2130,2134,0,0,0,0,0,0,65,-178,-37,83,44,41,121,123,122,124,121,123,41,44,44,43,41,42,11,73,1,17,4,3
5.7209,,171,-5.802197802197802,3.956043956043956,-13.538461538461538,101.58241758241758,7.956043956043956,46.04370761115298,2168,1887,2436,3041,2130,2134,0,0,0,0,0,0,65,-178,-37,83,44,41,121,123,122,124,121,123,41,44,44,43,41,42,11,73,1,17,4,4
5.7544,,172,-5.802197802197802,3.956043956043956,-13.538461538461538,101.58241758241758,7.956043956043956,46.04370761115298,2168,1887,2436,3041,2130,2134,0,0,0,0,0,0,65,-178,-37,83,44,41,121,123,121,124,121,123,41,44,44,43,41,42,10,73,1,18,4,4
5.7879,,173,-5.802197802197802,4.043956043956044,-13.538461538461538,101.58241758241758,7.956043956043956,46.04370761115298,2168,1887,2436,3041,2130,2134,0,0,0,0,0,0,65,-178,-37,83,44,41,121,123,121,124,121,123,41,44,44,43,41,42,10,74,1,17,4,3
5.8215,,174,-5.802197802197802,4.131868131868132,-13.538461538461538,101.58241758241758,7.956043956043956,46.04370761115298,2168,1887,2436,3041,2130,2134,0,0,0,0,0,0,65,-174,-37,83,44,41,121,123,122,124,121,123,41,44,44,43,41,42,11,70,1,17,4,4
5.8549,,175,-5.802197802197802,4.131868131868132,-13.45054945054945,101.58241758241758,7.956043956043956,46.04370761115298,2168,1887,2436,3041,2130,2134,0,0,0,0,0,0,65,-171,-37,83,44,41,121,123,121,124,121,123,41,44,44,43,41,42,11,68,1,17,4,4
5.8883,,176,-5.8901098901098905,4.131868131868132,-13.45054945054945,101.58241758241758,7.956043956043956,46.04370761115298,2168,1887,2436,3041,2130,2134,0,0,0,0,0,0,65,-171,-34,83,44,41,121,123,122,124,121,123,41,44,44,43,41,42,11,68,0,17,4,4
5.9218,,177,-5.8901098901098905,4.131868131868132,-13.45054945054945,101.58241758241758,7.956043956043956,46.04370761115298,2168,1887,2436,3041,2130,2134,0,0,0,0,0,0,62,-171,-34,83,44,41,121,123,122,124,120,123,41,44,44,43,41,42,9,67,0,17,3,4
5.9554,,178,-5.8901098901098905,4.131868131868132,-13.45054945054945,101.58241758241758,7.956043956043956,46.04370761115298,2168,1887,2436,3041,2130,2134,0,0,0,0,0,0,62,-171,-34,83,44,41,121,123,122,124,120,123,41,44,44,43,41,42,9,68,0,17,4,3
5.9889,,179,-5.978021978021978,4.131868131868132,-13.45054945054945,101.58241758241758,7.956043956043956,46.04370761115298,2168,1887,2436,3041,2130,2134,0,0,0,0,0,0,62,-171,-34,83,44,41,121,123,121,124,120,123,41,44,44,43,41,42,9,68,0,17,4,3
6.0225,,180,-6.065934065934066,4.131868131868132,-13.45054945054945,101.58241758241758,7.956043956043956,46.04370761115298,2168,1887,2436,3041,2130,2134,0,0,0,0,0,0,58,-171,-34,83,44,41,121,123,121,124,120,123,41,44,44,43,41,42,9,68,0,17,4,3
6.0559,,181,-6.241758241758242,4.043956043956044,-13.45054945054945,101.58241758241758,7.956043956043956,46.04370761115298,2168,1887,2436,3041,2130,2134,0,0,0,0,0,0,55,-171,-34,83,44,41,121,123,121,124,121,123,41,44,44,43,41,42,7,68,1,17,3,4
6.0893,,182,-6.329670329670329,3.78021978021978,-13.45054945054945,101.58241758241758,7.956043956043956,46.04370761115298,2168,1887,2436,3041,2130,2134,0,0,0,0,0,0,48,-174,-34,83,44,41,121,123,121,124,121,123,41,44,44,43,41,42,5,72,0,18,4,4
6.1227,,183,-6.417582417582418,3.5164835164835164,-13.45054945054945,101.58241758241758,7.868131868131868,46.04370761115298,2168,1887,2436,3041,2130,2134,0,0,0,0,0,0,44,-186,-34,83,44,41,121,123,121,124,121,123,41,44,44,43,41,42,4,80,1,17,4,3
6.1562,,184,-6.5054945054945055,3.4285714285714284,-13.45054945054945,101.58241758241758,7.868131868131868,46.04370761115298,2168,1887,2436,3041,2130,2134,0,0,0,0,0,0,41,-196,-34,83,41,41,121,123,121,124,121,123,41,44,44,43,41,42,4,88,0,17,3,4
6.1897,,185,-6.593406593406593,3.340659340659341,-13.45054945054945,101.58241758241758,7.868131868131868,46.04370761115298,2168,1887,2436,3041,2130,2134,0,0,0,0,0,0,37,-199,-34,83,41,41,121,123,121,124,120,123,41,44,44,43,41,42,4,90,1,17,3,3
6.2232,,186,-6.593406593406593,3.2527472527472527,-13.362637362637363,101.58241758241758,7.78021978021978,46.04370761115298,2168,1887,2436,3041,2130,2134,0,0,0,0,0,0,34,-203,-34,83,41,41,121,123,121,124,120,123,41,44,44,43,41,42,2,94,0,17,3,4
6.2566,,187,-6.681318681318682,2.7252747252747254,-13.186813186813186,101.58241758241758,7.6923076923076925,46.04370761115298,2168,1887,2436,3041,2130,2134,0,0,0,0,0,0,34,-206,-30,83,37,41,121,123,121,124,120,123,41,44,44,43,41,42,3,97,0,17,2,4
6.2902,,188,-6.681318681318682,2.197802197802198,-13.186813186813186,101.58241758241758,7.6923076923076925,46.04370761115298,2168,1887,2436,3041,2130,2134,0,0,0,0,0,0,30,-242,-23,83,34,41,121,123,121,124,120,123,41,44,44,43,41,42,2,115,0,18,1,4
6.3237,,189,-6.769230769230769,1.7582417582417582,-13.186813186813186,101.58241758241758,7.6923076923076925,46.04370761115298,2168,1886,2436,3041,2130,2134,0,0,0,0,0,0,30,-260,-23,83,34,41,121,123,121,124,120,123,41,44,44,43,41,42,2,130,0,17,2,4
6.3572,,190,-6.769230769230769,1.3186813186813187,-13.186813186813186,101.58241758241758,7.6923076923076925,46.04370761115298,2168,1883,2436,3041,2130,2134,0,-50,0,0,0,0,27,-253,-23,83,34,41,121,123,121,124,120,123,41,44,44,43,41,42,1,125,0,17,1,4
6.3907,,191,-6.769230769230769,1.1428571428571428,-13.186813186813186,101.58241758241758,7.6923076923076925,46.04370761115298,2168,1878,2436,3041,2130,2134,0,-150,0,0,0,0,27,-255,-23,83,34,41,121,123,121,124,120,123,41,44,44,43,41,42,1,119,0,18,1,4
6.4241,,192,-6.769230769230769,1.1428571428571428,-13.186813186813186,101.58241758241758,7.6923076923076925,46.04370761115298,2168,1873,2436,3041,2130,2134,0,-200,0,0,0,0,27,-241,-23,83,34,41,121,123,121,124,120,123,41,44,44,43,41,42,1,114,0,18,1,4
6.4575,,193,-6.769230769230769,1.1428571428571428,-13.186813186813186,101.58241758241758,7.6923076923076925,46.04370761115298,2168,1868,2436,3041,2130,2134,0,-150,0,0,0,0,27,-227,-23,83,34,41,121,123,122,124,121,123,41,44,44,43,41,42,1,98,0,18,1,4
6.491,,194,-6.769230769230769,1.2307692307692308,-13.186813186813186,101.58241758241758,7.78021978021978,46.04370761115298,2168,1864,2436,3041,2131,2134,0,-150,0,0,50,0,27,-213,-23,83,30,41,121,123,122,124,121,123,41,44,44,43,41,42,1,86,0,17,0,4
6.5245,,195,-6.769230769230769,1.4065934065934067,-13.186813186813186,101.58241758241758,7.78021978021978,46.04370761115298,2168,1861,2436,3041,2131,2134,0,-50,0,0,0,0,27,-199,-23,83,34,41,121,123,122,124,121,123,41,44,44,43,41,42,1,81,0,18,1,4
6.558,,196,-6.769230769230769,1.5824175824175823,-13.186813186813186,101.58241758241758,7.78021978021978,46.04370761115298,2168,1861,2436,3041,2131,2134,0,0,0,0,0,0,27,-189,-23,83,34,41,121,123,122,124,121,123,41,44,44,43,41,42,1,80,0,17,2,4
6.5915,,197,-6.769230769230769,1.6703296703296704,-13.186813186813186,101.58241758241758,7.78021978021978,46.04370761115298,2168,1861,2436,3041,2131,2134,0,0,0,0,0,0,27,-181,-23,83,34,41,121,123,122,124,121,123,41,44,44,43,41,42,1,74,0,17,1,4
6.625,,198,-6.769230769230769,1.6703296703296704,-13.186813186813186,101.58241758241758,7.78021978021978,46.04370761115298,2168,1861,2436,3041,2131,2134,0,0,0,0,0,0,27,-178,-23,83,34,41,121,123,122,124,121,123,41,44,44,43,41,42,1,75,0,17,1,4
6.6584,,199,-6.769230769230769,1.2307692307692308,-13.186813186813186,101.58241758241758,7.6923076923076925,46.04370761115298,2168,1861,2436,3041,2131,2134,0,0,0,0,0,0,27,-178,-23,83,34,41,121,123,122,124,121,123,41,44,44,43,41,42,1,74,0,17,1,4
6.692,,200,-7.032967032967033,0.8791208791208791,-13.186813186813186,101.58241758241758,7.6923076923076925,46.04370761115298,2168,1861,2436,3041,2131,2134,0,0,0,0,0,0,27,-196,-23,83,30,41,121,123,122,124,121,123,41,44,44,43,41,42,1,89,0,18,1,3
6.7254,,201,-7.2967032967032965,-0.17582417582417584,-13.098901098901099,101.58241758241758,7.6923076923076925,46.04370761115298,2167,1861,2436,3041,2131,2134,0,0,0,0,0,0,0,-210,-23,83,30,41,121,123,121,124,121,123,41,44,44,43,41,42,0,115,0,17,1,4
6.7589,,202,-7.648351648351649,-1.1428571428571428,-12.835164835164836,101.58241758241758,7.6923076923076925,46.04370761115298,2167,1858,2437,3041,2131,2134,0,-50,0,0,0,0,-24,-270,0,83,30,41,121,123,121,124,120,123,41,44,44,43,41,42,1,128,0,18,1,4
6.7925,,203,-7.912087912087912,-2.2857142857142856,-11.956043956043956,101.58241758241758,7.6923076923076925,46.04370761115298,2167,1853,2439,3041,2131,2134,0,-150,50,0,0,0,-41,-290,0,83,30,41,121,123,121,124,120,123,41,44,44,43,41,42,4,144,0,17,1,3
6.8259,,204,-8.0,-3.868131868131868,-10.813186813186814,101.58241758241758,7.6923076923076925,46.04370761115298,2165,1845,2445,3041,2131,2134,-50,-200,200,0,0,0,-44,-311,-66,83,30,41,121,123,121,124,120,123,41,44,44,43,41,42,1,137,0,17,1,2
6.8593,,205,-8.263736263736265,-5.362637362637362,-9.23076923076923,101.58241758241758,7.6923076923076925,46.04370761115298,2163,1834,2453,3041,2131,2134,-100,-300,200,0,0,0,-37,-249,68,83,30,41,121,123,121,124,120,123,41,44,44,43,41,42,3,130,0,17,0,2
6.8928,,206,-8.263736263736265,-6.945054945054945,-7.736263736263736,101.49450549450549,7.6923076923076925,46.04370761115298,2160,1821,2462,3041,2131,2134,-50,-400,300,0,0,0,80,-255,100,83,30,41,121,123,121,124,120,123,41,44,44,43,41,42,2,131,0,17,1,4
6.9263,,207,-8.263736263736265,-8.703296703296703,-6.065934065934066,101.49450549450549,7.6923076923076925,46.04370761115298,2158,1806,2476,3041,2131,2134,-100,-450,400,0,0,0,-34,-374,131,83,30,41,121,123,121,124,120,123,41,44,44,43,41,42,2,132,0,18,0,4
6.9598,,208,-8.263736263736265,-10.725274725274724,-4.65934065934066,101.4065934065934,7.6923076923076925,46.04370761115298,2156,1788,2492,3041,2131,2134,-100,-500,450,0,0,0,-23,-381,142,83,30,41,121,123,121,124,120,123,41,44,44,43,41,42,1,123,0,17,0,3
6.9932,,209,-8.263736263736265,-12.747252747252746,-3.5164835164835164,101.31868131868131,7.78021978021978,46.04370761115298,2155,1770,2509,3041,2131,2134,0,-550,500,0,0,0,0,-391,44,83,30,41,121,123,121,124,120,123,41,44,44,43,41,42,0,137,0,17,0,4
7.0266,,210,-8.263736263736265,-14.76923076923077,-2.4615384615384617,101.14285714285714,7.78021978021978,46.04370761115298,2155,1750,2527,3041,2131,2134,0,-600,500,0,0,0,0,-314,100,83,34,41,121,123,121,124,120,123,41,44,44,43,41,42,0,138,0,18,0,4
7.06,,211,-8.263736263736265,-16.87912087912088,-1.3186813186813187,101.05494505494505,7.78021978021978,46.04370761115298,2155,1729,2542,3041,2131,2134,0,-600,500,0,0,0,0,-316,-39,83,34,41,121,123,121,124,120,123,41,44,44,43,41,42,0,126,0,18,1,4
7.0934,,212,-8.263736263736265,-18.813186813186814,-0.26373626373626374,101.05494505494505,7.78021978021978,46.04370761115298,2155,1709,2554,3041,2131,2134,0,-650,350,0,0,0,0,-347,105,83,34,41,121,123,121,124,120,123,41,44,44,43,41,42,0,143,0,17,1,4
7.1268,,213,-8.263736263736265,-20.483516483516482,0.7912087912087912,101.05494505494505,8.131868131868131,46.04370761115298,2155,1686,2567,3041,2130,2134,0,-650,350,0,0,0,0,-427,-20,83,34,41,121,123,121,124,120,123,41,44,44,43,41,42,0,130,0,17,1,4
7.1602,,214,-8.175824175824175,-21.978021978021978,2.10989010989011,101.05494505494505,8.219780219780219,46.04370761115298,2155,1662,2578,3041,2131,2134,0,-750,350,0,0,0,0,-316,93,83,51,41,121,123,121,124,120,123,41,44,44,43,41,42,0,99,0,17,3,4
7.1936,,215,-8.087912087912088,-23.47252747252747,3.340659340659341,101.05494505494505,8.219780219780219,46.04370761115298,2155,1639,2589,3041,2133,2134,0,-650,300,0,50,0,0,-284,19,83,44,41,121,123,121,124,120,123,41,44,44,43,41,42,0,95,0,18,3,4
7.227,,216,-7.912087912087912,-24.87912087912088,4.65934065934066,101.05494505494505,8.395604395604396,46.04370761115298,2155,1616,2604,3041,2136,2134,0,-700,400,0,100,0,0,-377,123,83,37,41,121,123,121,124,121,123,41,44,44,43,41,42,0,79,0,18,1,4
7.2604,,217,-7.824175824175824,-26.285714285714285,5.978021978021978,101.05494505494505,8.483516483516484,46.04370761115298,2155,1595,2618,3041,2137,2134,0,-600,400,0,50,0,27,-264,38,83,37,41,121,123,122,124,121,123,41,44,44,43,41,42,1,75,0,17,1,4
7.2938,,218,-7.736263736263736,-27.78021978021978,7.1208791208791204,101.05494505494505,8.483516483516484,46.04370761115298,2155,1574,2633,3041,2139,2134,0,-650,450,0,50,0,30,-329,32,83,34,41,121,123,122,124,121,123,41,44,44,43,41,42,2,54,0,17,0,4
7.3272,,219,-7.736263736263736,-29.45054945054945,8.175824175824175,100.96703296703296,8.483516483516484,46.04370761115298,2155,1556,2648,3041,2141,2134,0,-550,450,0,50,0,34,-315,102,83,27,41,121,123,122,124,121,123,41,44,44,43,41,42,3,68,0,17,0,4
7.3607,,220,-7.648351648351649,-31.12087912087912,9.406593406593407,100.35164835164835,8.483516483516484,46.04370761115298,2155,1538,2662,3041,2141,2134,0,-550,400,0,0,0,34,-226,86,83,27,41,121,123,122,124,121,123,41,44,44,43,41,42,2,76,0,18,0,3
7.394,,221,-7.56043956043956,-33.31868131868132,10.901098901098901,99.2967032967033,8.483516483516484,46.04370761115298,2155,1519,2675,3041,2141,2134,0,-550,350,0,0,0,37,-335,113,83,27,41,121,123,122,124,121,123,41,44,44,43,41,42,4,82,0,18,0,4
7.4274,,222,-7.472527472527473,-35.604395604395606,12.835164835164836,98.15384615384616,8.483516483516484,46.04370761115298,2155,1501,2687,3041,2141,2134,0,-600,400,0,0,0,41,-351,127,37,27,41,121,123,122,124,121,123,41,44,44,43,41,42,4,81,0,7,0,4
7.4608,,223,-7.472527472527473,-37.97802197802198,15.208791208791208,96.92307692307692,8.571428571428571,46.04370761115298,2155,1479,2703,3041,2141,2134,0,-650,450,0,0,0,44,-278,60,0,27,41,121,123,122,124,121,123,41,44,44,43,41,42,4,71,0,2,0,3
7.4942,,224,-7.472527472527473,-40.08791208791209,17.934065934065934,95.6043956043956,8.571428571428571,46.04370761115298,2155,1455,2721,3041,2141,2134,0,-650,450,0,0,0,44,-285,177,-91,30,41,121,123,122,124,121,123,41,44,44,43,41,42,4,75,0,11,1,4
7.5277,,225,-7.472527472527473,-42.02197802197802,20.571428571428573,94.37362637362638,8.571428571428571,46.04370761115298,2155,1431,2741,3037,2141,2134,0,-750,600,-50,0,0,44,-392,139,-145,30,41,121,123,122,124,121,123,41,44,44,43,41,42,4,64,0,18,1,3
7.5611,,226,-7.472527472527473,-43.51648351648352,23.296703296703296,93.23076923076923,8.571428571428571,46.04370761115298,2155,1405,2766,3027,2141,2134,0,-750,700,-250,0,0,44,-289,159,-76,30,41,121,123,122,124,121,123,41,44,44,43,41,42,4,57,0,18,0,4
7.5945,,227,-7.472527472527473,-44.65934065934066,25.846153846153847,92.17582417582418,8.571428571428571,46.04370761115298,2155,1380,2793,3018,2141,2134,0,-800,800,-300,0,0,44,-253,171,-79,30,41,121,123,122,124,121,123,41,44,44,43,41,42,5,33,0,26,0,3
7.628,,228,-7.472527472527473,-45.62637362637363,28.307692307692307,91.12087912087912,8.571428571428571,46.04370761115298,2155,1356,2821,3006,2141,2134,0,-700,800,-350,0,0,44,-200,171,-159,30,41,121,123,122,124,121,123,41,44,44,43,41,42,4,25,0,20,0,4
7.6614,,229,-7.472527472527473,-46.76923076923077,30.505494505494507,89.97802197802197,8.571428571428571,46.04370761115298,2155,1337,2849,2995,2141,2134,0,-600,850,-300,0,0,44,-156,162,-158,30,41,121,123,122,124,121,123,41,44,44,43,41,42,4,27,0,23,0,3
7.6948,,230,-7.472527472527473,-48.0,32.79120879120879,88.57142857142857,8.571428571428571,46.04370761115298,2155,1319,2879,2982,2141,2134,0,-550,900,-400,0,0,44,-169,173,-97,30,41,121,124,122,124,121,123,41,44,44,43,41,42,4,23,0,22,0,4
7.7282,,231,-7.472527472527473,-49.31868131868132,35.07692307692308,86.98901098901099,8.571428571428571,46.04370761115298,2155,1302,2909,2971,2141,2134,0,-500,900,-350,0,0,44,-242,153,-197,30,41,121,124,122,124,121,123,41,44,44,43,41,42,4,29,0,18,0,4
7.7617,,232,-7.384615384615385,-50.9010989010989,37.0989010989011,85.14285714285714,8.571428571428571,46.04370761115298,2155,1288,2937,2957,2141,2134,0,-450,850,-400,0,0,44,-234,133,-207,30,41,121,124,122,124,121,123,41,44,44,43,41,42,4,32,0,28,1,4
7.7951,,233,-7.384615384615385,-52.57142857142857,39.38461538461539,83.38461538461539,8.571428571428571,46.04370761115298,2155,1273,2966,2941,2141,2134,0,-450,900,-400,0,0,48,-241,110,-225,30,41,121,124,122,124,121,123,41,44,44,43,41,42,5,38,0,26,0,3
7.8285,,234,-7.384615384615385,-53.89010989010989,41.934065934065934,81.62637362637362,8.571428571428571,46.04370761115298,2155,1256,2993,2925,2141,2134,0,-500,800,-500,0,0,48,-248,96,-169,30,41,121,123,122,124,121,123,41,44,44,43,41,42,5,45,0,23,0,4
7.8619,,235,-7.384615384615385,-55.032967032967036,44.57142857142857,79.86813186813187,8.571428571428571,46.04370761115298,2155,1239,3020,2907,2141,2134,0,-500,800,-550,0,0,48,-260,128,-258,30,41,121,123,122,124,121,123,41,44,44,43,41,42,4,42,0,17,0,4
7.8953,,236,-7.384615384615385,-56.08791208791209,47.20879120879121,78.1978021978022,8.571428571428571,46.04370761115298,2155,1224,3045,2887,2141,2134,0,-500,750,-600,0,0,48,-155,221,-258,30,41,121,124,122,124,121,123,41,44,44,43,41,42,5,21,0,13,0,4
7.9286,,237,-7.384615384615385,-56.967032967032964,49.84615384615385,76.79120879120879,8.659340659340659,46.04370761115298,2155,1207,3072,2868,2141,2134,0,-500,800,-550,0,0,48,-218,142,-249,30,41,121,124,122,124,121,123,41,44,44,43,41,42,5,24,0,16,0,4
7.962,,238,-7.384615384615385,-57.84615384615385,52.48351648351648,75.47252747252747,8.659340659340659,46.04370761115298,2155,1192,3101,2850,2141,2134,0,-450,850,-550,0,0,48,-184,144,-142,34,41,121,124,122,124,121,123,41,44,44,43,41,42,5,14,0,22,1,3
7.9954,,239,-7.384615384615385,-58.81318681318681,54.76923076923077,73.89010989010988,8.659340659340659,46.04370761115298,2155,1179,3128,2831,2141,2134,0,-400,850,-550,0,0,48,-203,254,-240,34,41,121,124,122,125,121,123,41,44,44,43,41,42,5,22,0,21,1,4
8.029,,240,-7.384615384615385,-59.86813186813187,57.142857142857146,72.48351648351648,8.747252747252746,46.04370761115298,2155,1167,3158,2813,2141,2134,0,-350,850,-500,0,0,48,-190,156,-152,34,41,121,124,122,125,121,123,41,44,44,43,41,42,5,18,0,19,2,4
8.0624,,241,-7.384615384615385,-61.010989010989015,59.51648351648352,70.9010989010989,8.747252747252746,46.04370761115298,2155,1155,3187,2796,2141,2134,0,-300,850,-500,0,0,48,-190,143,-227,37,41,121,124,122,125,121,123,41,44,44,43,41,42,5,20,0,23,2,4
8.0958,,242,-7.384615384615385,-62.065934065934066,61.714285714285715,69.31868131868131,8.923076923076923,46.04370761115298,2155,1143,3217,2779,2141,2134,0,-350,850,-550,0,0,48,-187,130,-139,37,41,121,124,122,125,121,123,41,44,44,43,41,42,5,20,0,23,2,4
8.1291,,243,-7.384615384615385,-63.20879120879121,64.0,67.82417582417582,9.538461538461538,46.04370761115298,2155,1131,3244,2761,2141,2134,0,-350,850,-500,0,0,48,-176,110,-218,44,41,121,124,122,125,121,123,41,44,44,43,41,42,5,27,0,27,4,4
8.1626,,244,-7.384615384615385,-64.35164835164835,66.46153846153847,66.41758241758242,9.978021978021978,46.04370761115298,2155,1118,3272,2743,2143,2134,0,-400,800,-550,0,0,48,-115,127,-152,-32,41,121,124,122,125,121,123,41,44,44,43,41,42,4,29,0,22,6,4
8.196,,245,-7.384615384615385,-65.49450549450549,68.74725274725274,65.27472527472527,10.241758241758241,45.968349660889224,2155,1105,3298,2728,2148,2134,0,-400,800,-550,150,0,48,-198,212,-144,76,41,121,124,122,125,121,123,41,44,44,43,41,42,4,20,0,22,4,4
8.2293,,246,-7.2967032967032965,-66.63736263736264,70.68131868131869,64.74725274725274,10.241758241758241,45.29012810851545,2155,1093,3324,2711,2152,2134,0,-400,800,-450,100,0,48,-193,119,-123,62,37,121,124,122,125,121,123,41,44,44,43,41,42,5,22,0,18,3,3
8.2627,,247,-7.2967032967032965,-67.86813186813187,72.52747252747253,64.74725274725274,10.241758241758241,43.55689525244914,2155,1079,3351,2697,2155,2134,0,-400,800,-450,100,0,51,-186,95,-153,48,-53,121,124,122,125,121,123,41,44,44,43,41,42,7,22,0,6,3,4
8.2961,,248,-7.2967032967032965,-69.53846153846153,74.28571428571429,64.74725274725274,10.241758241758241,41.220798794272795,2156,1066,3377,2686,2157,2132,0,-350,750,-300,100,0,51,-98,73,-37,41,-122,121,124,122,125,121,123,41,44,44,43,41,42,6,17,0,6,2,20
8.3295,,249,-7.2967032967032965,-71.91208791208791,75.86813186813187,64.74725274725274,10.241758241758241,38.88470233609646,2157,1052,3399,2680,2159,2123,50,-400,700,-250,50,-150,44,-226,85,-93,34,-244,121,124,122,124,121,123,41,44,44,43,41,42,4,30,0,9,0,33
8.3629,,250,-7.2967032967032965,-74.98901098901099,77.53846153846153,64.83516483516483,10.32967032967033,36.623963828183875,2159,1036,3422,2675,2159,2104,100,-450,700,-100,0,-500,37,-175,60,-76,34,-309,121,124,122,124,121,123,41,44,44,43,41,42,2,26,0,7,1,32
8.3963,,251,-7.2967032967032965,-78.24175824175825,79.12087912087912,65.0989010989011,10.32967032967033,34.74001507159005,2160,1017,3444,2673,2159,2081,0,-500,650,-100,0,-650,37,-223,45,-62,37,-263,121,124,122,124,121,123,41,44,44,43,41,42,3,42,0,6,1,36
8.4298,,252,-7.2967032967032965,-80.7032967032967,80.7032967032967,65.18681318681318,10.32967032967033,33.534287867370004,2161,992,3465,2672,2161,2054,50,-650,600,-50,50,-800,30,-261,29,-48,30,-270,121,123,122,124,121,123,41,44,44,43,41,42,2,47,0,4,0,41
8.4632,,253,-7.2967032967032965,-80.61538461538461,81.84615384615384,65.18681318681318,10.32967032967033,32.85606631499623,2161,966,3483,2671,2161,2026,0,-850,600,-50,0,-850,30,-289,46,-41,30,-267,121,124,122,124,121,123,41,44,44,43,41,42,2,42,0,4,0,45
8.4966,,254,-7.384615384615385,-80.61538461538461,82.54945054945055,65.18681318681318,10.241758241758241,32.554634513941224,2161,938,3501,2671,2161,2001,0,-850,550,0,0,-750,30,-176,18,-41,30,-196,121,124,122,124,121,123,41,44,44,43,41,42,2,8,0,4,0,19
8.53,,255,-7.384615384615385,-80.52747252747253,83.42857142857143,65.18681318681318,10.153846153846153,32.479276563677466,2161,918,3515,2671,2161,1982,0,-700,450,0,0,-700,27,-167,64,-41,27,-115,122,124,122,125,121,123,41,44,44,43,41,42,2,1,0,4,0,6
8.5634,,256,-7.2967032967032965,-80.52747252747253,83.86813186813187,65.18681318681318,10.065934065934066,32.479276563677466,2161,905,3523,2671,2161,1967,0,-450,300,0,0,-450,27,-23,74,-41,23,-146,122,124,122,125,121,124,41,44,44,43,41,42,1,0,0,4,0,5
8.597,,257,-7.1208791208791204,-80.52747252747253,84.57142857142857,65.27472527472527,9.802197802197803,32.25320271288621,2161,897,3532,2671,2161,1957,0,-250,250,0,0,-300,30,41,37,-41,0,-108,122,124,122,125,121,124,41,44,44,43,41,42,3,0,0,4,0,4
8.6303,,258,-6.857142857142857,-80.52747252747253,85.53846153846153,65.27472527472527,9.714285714285714,30.821401657874908,2161,893,3540,2671,2161,1949,0,-150,250,0,0,-250,37,-65,70,-37,-24,-106,122,124,122,125,121,124,41,44,44,43,41,42,4,3,0,3,0,6
8.6637,,259,-6.857142857142857,-80.52747252747253,86.24175824175825,65.27472527472527,9.714285714285714,27.882441597588546,2161,889,3548,2671,2161,1942,0,-100,250,0,0,-200,48,-51,-39,-37,-27,-161,122,124,122,125,121,123,41,44,44,43,41,42,5,2,0,3,0,20
8.6971,,260,-6.593406593406593,-80.52747252747253,86.76923076923077,65.18681318681318,9.714285714285714,24.114544084400904,2163,887,3557,2671,2161,1929,0,-100,250,0,0,-250,41,-41,-59,-37,-27,-277,121,124,122,124,121,123,41,44,44,43,41,42,4,2,0,4,0,50
8.7305,,261,-6.5054945054945055,-80.52747252747253,87.12087912087912,65.18681318681318,9.802197802197803,19.291635267520725,2165,886,3566,2671,2161,1907,50,-100,250,0,0,-550,44,-37,40,-41,-27,-384,121,124,122,124,121,123,41,44,44,43,41,42,4,2,7,4,0,57
8.7641,,262,-6.5054945054945055,-80.52747252747253,87.20879120879121,65.27472527472527,10.153846153846153,14.544084400904294,2167,884,3574,2671,2161,1879,50,-50,200,0,0,-850,41,-30,0,-41,-23,-391,121,123,122,124,121,123,41,44,44,43,41,42,1,0,2,4,0,93
8.7976,,263,-6.5054945054945055,-80.52747252747253,87.47252747252747,65.27472527472527,10.153846153846153,10.776186887716655,2169,884,3581,2671,2161,1838,100,0,250,0,0,-1200,37,-30,-30,-37,28,-500,121,123,122,124,121,123,41,44,44,43,41,42,1,1,2,3,0,87
8.8311,,264,-6.5054945054945055,-80.52747252747253,87.56043956043956,65.27472527472527,10.153846153846153,8.214016578749057,2169,884,3583,2671,2161,1792,0,0,150,0,0,-1300,34,-30,-30,-37,23,-493,121,123,122,124,121,123,41,44,44,43,41,42,3,0,2,3,0,80
8.8646,,265,-6.329670329670329,-80.52747252747253,88.0,65.27472527472527,10.153846153846153,6.857573474001508,2169,884,3584,2671,2161,1743,0,0,50,0,0,-1450,34,-30,-30,-37,23,-500,121,123,122,124,121,123,41,44,44,43,41,42,3,1,1,3,0,73
8.8979,,266,-5.8901098901098905,-80.52747252747253,88.96703296703296,65.18681318681318,10.153846153846153,6.706857573474001,2169,883,3586,2671,2161,1694,0,0,50,0,0,-1450,41,-30,0,-37,23,-439,121,123,122,124,121,123,41,44,44,43,41,42,3,1,0,3,0,53
8.9324,,267,-5.186813186813187,-80.52747252747253,90.28571428571429,65.0989010989011,10.241758241758241,6.706857573474001,2172,879,3594,2671,2161,1647,50,-150,150,0,0,-1500,48,0,43,-41,23,-350,121,124,122,124,121,123,41,44,44,43,41,42,6,0,0,4,0,16
8.9658,,268,-4.923076923076923,-80.52747252747253,91.51648351648352,65.0989010989011,10.32967032967033,6.706857573474001,2175,879,3602,2671,2161,1613,50,-50,250,0,0,-1200,92,0,85,-44,27,-245,122,124,122,125,121,124,41,44,44,43,41,42,10,0,0,5,0,2
8.9993,,269,-4.923076923076923,-80.52747252747253,92.83516483516483,65.18681318681318,10.32967032967033,6.706857573474001,2179,879,3612,2671,2161,1588,100,0,250,0,0,-950,65,0,93,-44,30,-227,122,124,122,125,121,124,41,44,44,43,41,42,3,0,0,5,1,6
9.0327,,270,-4.747252747252747,-80.52747252747253,93.53846153846153,65.0989010989011,10.32967032967033,6.2547098718914835,2183,880,3623,2671,2161,1571,150,0,350,0,0,-600,48,0,106,-41,30,-76,122,124,122,125,121,124,41,44,44,43,41,42,3,0,0,4,0,4
9.0661,,271,-4.21978021978022,-80.52747252747253,93.53846153846153,65.0989010989011,10.32967032967033,6.179351921627732,2185,880,3637,2668,2160,1559,50,50,400,0,0,-350,48,0,-56,-37,30,-60,122,124,122,125,121,124,41,44,44,43,41,42,3,0,0,5,10,18
9.0995,,272,-3.78021978021978,-80.52747252747253,93.53846153846153,65.27472527472527,10.153846153846153,6.103993971363979,2188,878,3644,2666,2160,1550,100,-50,200,-100,0,-250,80,0,37,-27,34,-118,122,124,122,125,121,124,41,44,44,43,41,42,7,0,0,1,3,11
9.133,,273,-3.5164835164835164,-80.52747252747253,93.53846153846153,65.27472527472527,9.802197802197803,6.028636021100226,2192,876,3651,2666,2159,1544,150,-50,200,0,-50,-200,74,27,0,0,30,-93,122,124,122,125,121,124,41,44,44,43,41,42,5,0,0,0,1,10
9.1666,,274,-2.901098901098901,-80.52747252747253,93.53846153846153,65.27472527472527,9.802197802197803,5.953278070836474,2196,875,3652,2666,2160,1539,100,-50,100,0,0,-150,62,34,-30,0,0,-79,122,124,122,125,121,124,41,44,44,43,41,42,3,1,0,0,0,10
9.2001,,275,-2.2857142857142856,-80.52747252747253,93.53846153846153,65.27472527472527,9.714285714285714,5.87792012057272,2200,875,3652,2666,2160,1536,100,0,0,0,0,-100,82,34,-30,0,0,-69,122,124,122,125,121,124,41,44,44,43,41,42,5,1,0,0,0,9
9.2337,,276,-1.7582417582417582,-80.52747252747253,93.53846153846153,65.36263736263736,9.714285714285714,5.1996985681989445,2205,875,3652,2666,2160,1533,100,0,0,0,0,-100,85,34,-30,0,-23,-65,122,124,122,125,121,124,41,44,44,43,41,42,11,1,0,0,0,10
9.2672,,277,-1.1428571428571428,-80.52747252747253,93.53846153846153,65.36263736263736,9.626373626373626,3.4664657121326297,2210,875,3652,2666,2160,1529,150,0,0,0,0,-50,103,34,-30,0,-23,-119,122,124,122,125,121,124,41,44,44,43,41,42,1,1,0,0,0,17
9.3007,,278,-0.8791208791208791,-80.52747252747253,93.53846153846153,65.36263736263736,9.626373626373626,2.110022607385079,2215,875,3652,2666,2160,1522,200,0,0,0,0,-200,107,34,-30,0,-27,-172,122,124,122,125,121,123,41,44,44,43,41,42,11,1,0,0,1,21
9.3341,,279,-0.7912087912087912,-80.52747252747253,93.45054945054945,65.36263736263736,9.538461538461538,2.260738507912585,2222,875,3652,2666,2160,1510,150,0,0,0,0,-250,79,34,-30,0,-27,-226,121,124,122,124,121,123,41,44,44,43,41,42,3,2,0,0,0,36
9.3676,,280,-0.7912087912087912,-80.52747252747253,93.45054945054945,65.36263736263736,9.274725274725276,2.260738507912585,2226,875,3652,2666,2160,1497,150,0,0,0,0,-400,65,34,-34,0,-30,-41,122,124,122,125,121,123,41,44,44,43,41,42,1,2,1,0,1,12
9.4011,,281,-0.7912087912087912,-80.52747252747253,93.45054945054945,65.36263736263736,9.274725274725276,2.260738507912585,2229,875,3652,2666,2160,1489,100,0,0,0,0,-250,51,34,-34,0,-41,-23,121,124,122,125,121,124,41,44,44,43,41,42,3,1,1,0,3,3
9.4346,,282,-0.7912087912087912,-80.52747252747253,93.45054945054945,65.36263736263736,9.274725274725276,2.260738507912585,2231,875,3652,2666,2160,1484,50,0,0,0,0,-100,48,34,-34,0,-41,23,122,124,122,125,121,124,41,44,44,43,41,42,2,2,1,0,3,10
9.468,,283,-0.7912087912087912,-80.52747252747253,93.45054945054945,65.36263736263736,9.274725274725276,2.3360964581763377,2233,875,3652,2666,2160,1481,50,0,0,0,0,-150,-80,34,-34,0,-41,-83,122,124,122,125,121,123,41,44,44,43,41,42,1,2,1,0,4,10
9.5015,,284,-0.7912087912087912,-80.52747252747253,93.45054945054945,65.36263736263736,9.274725274725276,2.3360964581763377,2233,875,3652,2666,2160,1480,0,0,0,0,0,-50,37,34,-34,0,-41,-69,122,124,122,125,121,124,41,44,44,43,41,42,4,1,0,0,3,10
9.5351,,285,-0.7912087912087912,-80.52747252747253,93.45054945054945,65.36263736263736,9.274725274725276,2.3360964581763377,2233,875,3652,2666,2160,1480,0,0,0,0,0,0,37,34,-34,0,-41,-69,121,124,122,125,121,124,41,44,44,43,41,42,4,2,0,0,3,11
9.5684,,286,-0.7912087912087912,-80.52747252747253,93.45054945054945,65.36263736263736,9.274725274725276,2.3360964581763377,2233,875,3652,2666,2160,1480,0,0,0,0,0,0,37,34,-34,0,-41,-69,122,124,122,125,121,123,41,44,44,43,41,42,3,1,1,0,3,12
9.602,,287,-0.8791208791208791,-80.52747252747253,93.45054945054945,65.27472527472527,9.538461538461538,2.3360964581763377,2233,875,3652,2666,2160,1480,0,0,0,0,0,0,37,34,-34,0,-41,-69,122,124,122,125,121,123,41,44,44,43,41,42,3,1,0,0,4,12
9.6354,,288,-0.8791208791208791,-80.52747252747253,93.45054945054945,65.18681318681318,9.626373626373626,2.3360964581763377,2233,875,3652,2666,2160,1480,0,0,0,0,0,0,34,34,-34,0,-30,-69,122,124,122,125,121,124,41,44,44,43,41,42,4,2,1,0,1,12
9.6688,,289,-0.8791208791208791,-80.52747252747253,93.45054945054945,65.0989010989011,9.714285714285714,2.3360964581763377,2233,875,3652,2666,2160,1480,0,0,0,0,0,0,34,34,-34,-23,-27,-69,122,124,122,125,121,123,41,44,44,43,41,42,3,2,1,0,0,11
9.7023,,290,-0.8791208791208791,-80.52747252747253,93.45054945054945,65.0989010989011,9.802197802197803,2.3360964581763377,2233,875,3652,2666,2160,1480,0,0,0,0,0,0,34,34,-34,-27,-23,-69,122,124,122,125,121,124,41,44,44,43,41,42,3,1,1,1,0,12
9.7359,,291,-0.8791208791208791,-80.52747252747253,93.45054945054945,65.0989010989011,9.89010989010989,2.3360964581763377,2233,875,3652,2666,2160,1480,0,0,0,0,0,0,34,34,-34,-27,0,-69,122,124,122,125,121,124,41,44,44,43,41,42,3,2,1,1,0,11
9.7693,,292,-0.8791208791208791,-80.52747252747253,93.53846153846153,65.0989010989011,9.89010989010989,2.3360964581763377,2233,875,3652,2666,2160,1480,0,0,0,0,0,0,34,34,-34,-27,0,-69,122,124,122,125,121,124,41,44,44,43,41,42,4,2,1,1,0,11
9.8027,,293,-0.8791208791208791,-80.52747252747253,93.53846153846153,65.0989010989011,9.89010989010989,2.3360964581763377,2233,875,3652,2666,2160,1480,0,0,0,0,0,0,34,34,-30,-27,0,-69,122,124,122,125,121,124,41,44,44,43,41,42,3,1,0,0,0,11
9.8361,,294,-0.967032967032967,-80.52747252747253,93.53846153846153,65.0989010989011,9.89010989010989,2.3360964581763377,2233,875,3652,2666,2160,1480,0,0,0,0,0,0,34,34,-30,-27,0,-69,122,124,122,125,121,124,41,44,44,43,41,42,4,1,0,0,0,12
9.8696,,295,-0.967032967032967,-80.52747252747253,93.53846153846153,65.0989010989011,9.89010989010989,2.3360964581763377,2233,875,3652,2666,2160,1480,0,0,0,0,0,0,30,34,-30,-27,0,-69,122,124,122,125,121,124,41,44,44,43,41,42,2,2,0,1,0,11
9.9032,,296,-0.967032967032967,-80.52747252747253,93.53846153846153,65.0989010989011,9.89010989010989,2.3360964581763377,2233,875,3652,2666,2160,1480,0,0,0,0,0,0,30,34,-30,-27,0,-69,122,124,122,125,121,124,41,44,44,43,41,42,2,2,1,1,0,11
9.9366,,297,-0.967032967032967,-80.52747252747253,93.53846153846153,65.0989010989011,9.89010989010989,2.3360964581763377,2233,875,3652,2666,2160,1480,0,0,0,0,0,0,30,34,-30,-27,0,-69,122,124,122,125,121,124,41,44,44,43,41,42,2,1,1,1,0,12
9.97,,298,-0.967032967032967,-80.52747252747253,93.53846153846153,65.0989010989011,9.89010989010989,2.3360964581763377,2233,875,3652,2666,2160,1480,0,0,0,0,0,0,30,34,-30,-27,0,-69,122,124,122,125,121,124,41,44,44,43,41,42,2,1,0,1,0,11
10.0034,,299,-0.967032967032967,-80.52747252747253,93.53846153846153,65.0989010989011,9.89010989010989,2.3360964581763377,2233,875,3652,2666,2160,1480,0,0,0,0,0,0,30,34,-30,-27,0,-69,122,124,122,125,121,124,41,44,44,43,41,42,2,1,0,0,0,11
10.0368,,300,-0.967032967032967,-80.52747252747253,93.53846153846153,65.0989010989011,9.89010989010989,2.3360964581763377,2233,875,3652,2666,2160,1480,0,0,0,0,0,0,30,34,-30,-27,0,-69,122,124,122,125,121,124,41,44,44,43,41,42,3,2,0,0,0,11
10.0702,,301,-0.967032967032967,-80.52747252747253,93.53846153846153,65.0989010989011,9.89010989010989,2.3360964581763377,2233,875,3652,2666,2160,1480,0,0,0,0,0,0,30,34,-30,-27,0,-69,122,124,122,125,121,124,41,44,44,43,41,42,3,2,0,1,0,11
10.1037,,302,-0.967032967032967,-80.52747252747253,93.53846153846153,65.0989010989011,9.89010989010989,2.3360964581763377,2233,875,3652,2666,2160,1480,0,0,0,0,0,0,30,34,-30,-27,0,-69,122,124,122,125,121,124,41,44,44,43,41,42,2,1,0,0,0,12
10.1372,,303,-0.967032967032967,-80.52747252747253,93.53846153846153,65.0989010989011,9.89010989010989,2.3360964581763377,2233,875,3652,2666,2160,1480,0,0,0,0,0,0,30,34,-30,-27,0,-69,122,124,122,125,121,124,41,44,44,43,41,42,2,1,1,0,0,11
10.1706,,304,-0.967032967032967,-80.52747252747253,93.53846153846153,65.0989010989011,9.89010989010989,2.3360964581763377,2233,875,3652,2666,2160,1480,0,0,0,0,0,0,30,34,-30,-27,0,-69,122,124,122,125,121,124,41,44,44,43,41,42,2,2,0,1,0,11
10.2041,,305,-0.967032967032967,-80.52747252747253,93.53846153846153,65.0989010989011,9.89010989010989,2.3360964581763377,2233,875,3652,2666,2160,1480,0,0,0,0,0,0,30,34,-30,-27,0,-69,122,124,122,125,121,124,41,44,44,43,41,42,3,1,0,0,0,11
10.2376,,306,-0.967032967032967,-80.52747252747253,93.53846153846153,65.0989010989011,9.89010989010989,2.3360964581763377,2233,875,3652,2666,2160,1480,0,0,0,0,0,0,30,34,-30,-27,0,-69,122,124,122,125,121,124,41,44,44,43,41,42,2,1,0,1,0,12
10.2711,,307,-0.967032967032967,-80.52747252747253,93.53846153846153,65.0989010989011,9.89010989010989,2.3360964581763377,2233,875,3652,2666,2160,1480,0,0,0,0,0,0,30,34,-30,-27,0,-69,122,124,122,125,121,124,41,44,44,43,41,42,2,2,0,0,0,12
10.3045,,308,-0.967032967032967,-80.52747252747253,93.53846153846153,65.0989010989011,9.89010989010989,2.3360964581763377,2233,875,3652,2666,2160,1480,0,0,0,0,0,0,30,34,-30,-27,0,-69,122,124,122,125,121,124,41,44,44,43,41,42,2,1,1,1,0,11
10.3378,,309,-0.967032967032967,-80.52747252747253,93.53846153846153,65.0989010989011,9.89010989010989,2.3360964581763377,2233,875,3652,2666,2160,1480,0,0,0,0,0,0,30,34,-30,-27,0,-69,122,124,122,125,121,124,41,44,44,43,41,42,2,2,0,0,0,11
10.3714,,310,-0.967032967032967,-80.52747252747253,93.53846153846153,65.0989010989011,9.89010989010989,2.3360964581763377,2233,875,3652,2666,2160,1480,0,0,0,0,0,0,30,34,-30,-27,0,-69,122,124,122,125,121,124,41,44,44,43,41,42,2,2,0,1,0,12
10.4049,,311,-0.967032967032967,-80.52747252747253,93.53846153846153,65.0989010989011,9.89010989010989,2.3360964581763377,2233,875,3652,2666,2160,1480,0,0,0,0,0,0,30,34,-30,-27,0,-69,122,124,122,125,121,124,41,44,44,43,41,42,2,2,0,1,0,11
10.4383,,312,-0.967032967032967,-80.52747252747253,93.53846153846153,65.0989010989011,9.89010989010989,2.3360964581763377,2233,875,3652,2666,2160,1480,0,0,0,0,0,0,30,34,-30,-27,0,-69,122,124,122,125,121,124,41,44,44,43,41,42,2,2,0,0,0,11
10.4717,,313,-0.967032967032967,-80.52747252747253,93.53846153846153,65.0989010989011,9.89010989010989,2.3360964581763377,2233,875,3652,2666,2160,1480,0,0,0,0,0,0,30,34,-30,-27,0,-69,122,124,122,125,121,124,41,44,44,43,41,42,2,2,0,0,0,12
10.5051,,314,-0.967032967032967,-80.52747252747253,93.53846153846153,65.0989010989011,9.89010989010989,2.3360964581763377,2233,875,3652,2666,2160,1480,0,0,0,0,0,0,30,34,-30,-27,0,-69,122,124,122,125,121,124,41,44,44,43,41,42,2,1,0,1,0,11
10.5385,,315,-0.967032967032967,-80.52747252747253,93.53846153846153,65.0989010989011,9.89010989010989,2.3360964581763377,2233,875,3652,2666,2160,1480,0,0,0,0,0,0,30,34,-30,-27,0,-69,122,124,122,125,121,124,41,44,44,43,41,42,2,1,0,1,0,12
10.5719,,316,-0.967032967032967,-80.52747252747253,93.53846153846153,65.0989010989011,9.89010989010989,2.3360964581763377,2233,875,3652,2666,2160,1480,0,0,0,0,0,0,30,34,-30,-27,0,-69,122,124,122,125,121,124,41,44,44,43,41,42,2,1,1,1,0,12
10.6052,,317,-0.967032967032967,-80.52747252747253,93.53846153846153,65.0989010989011,9.89010989010989,2.3360964581763377,2233,875,3652,2666,2160,1480,0,0,0,0,0,0,30,34,-30,-27,0,-69,122,124,122,125,121,124,41,44,44,43,41,42,2,1,0,0,0,12
10.6386,,318,-0.967032967032967,-80.52747252747253,93.53846153846153,65.0989010989011,9.89010989010989,2.3360964581763377,2233,875,3652,2666,2160,1480,0,0,0,0,0,0,30,34,-30,-27,0,-69,122,124,122,125,121,124,41,44,44,43,41,42,2,2,0,0,0,11
10.672,,319,-0.967032967032967,-80.52747252747253,93.53846153846153,65.0989010989011,9.89010989010989,2.3360964581763377,2233,875,3652,2666,2160,1480,0,0,0,0,0,0,30,34,-30,-27,0,-69,122,124,122,125,121,124,41,44,44,43,41,42,2,2,0,0,0,11
10.7054,,320,-0.967032967032967,-80.52747252747253,93.53846153846153,65.0989010989011,9.89010989010989,2.3360964581763377,2233,875,3652,2666,2160,1480,0,0,0,0,0,0,30,34,-30,-27,0,-69,122,124,122,125,121,124,41,44,44,43,41,42,2,2,0,0,0,12
